"0","weather_data |> glimpse()
"
"1","Rows: 35,527
Columns: 18
"
"1","$ weather_station_id [3m[38;5;246m<chr>[39m[23m ""948720-99999""[38;5;246m, [39m""948720-99999""[38;5;246m, [39m""948720-99999""…
$ stn_lat            [3m[38;5;246m<dbl>[39m[23m -37.867[38;5;246m, [39m-37.867[38;5;246m, [39m-37.867[38;5;246m, [39m-37.867[38;5;246m, [39m-37.867[38;5;246m, [39m-…
$ stn_lon            [3m[38;5;246m<dbl>[39m[23m 145.333[38;5;246m, [39m145.333[38;5;246m, [39m145.333[38;5;246m, [39m145.333[38;5;246m, [39m145.333[38;5;246m, [39m1…
$ date               [3m[38;5;246m<date>[39m[23m 2014-01-01[38;5;246m, [39m2014-01-02[38;5;246m, [39m2014-01-03[38;5;246m, [39m2014-01-0…
$ year               [3m[38;5;246m<int>[39m[23m 2014[38;5;246m, [39m2014[38;5;246m, [39m2014[38;5;246m, [39m2014[38;5;246m, [39m2014[38;5;246m, [39m2014[38;5;246m, [39m2014[38;5;246m, [39m2014…
$ month              [3m[38;5;246m<int>[39m[23m 1[38;5;246m, [39m1[38;5;246m, [39m1[38;5;246m, [39m1[38;5;246m, [39m1[38;5;246m, [39m1[38;5;246m, [39m1[38;5;246m, [39m1[38;5;246m, [39m1[38;5;246m, [39m1[38;5;246m, [39m1[38;5;246m, [39m1[38;5;246m, [39m1[38;5;246m, [39m1[38;5;246m, [39m1[38;5;246m, [39m1…
$ day                [3m[38;5;246m<int>[39m[23m 1[38;5;246m, [39m2[38;5;246m, [39m3[38;5;246m, [39m4[38;5;246m, [39m5[38;5;246m, [39m6[38;5;246m, [39m7[38;5;246m, [39m8[38;5;246m, [39m9[38;5;246m, [39m10[38;5;246m, [39m11[38;5;246m, [39m12[38;5;246m, [39m13[38;5;246m, [39m14[38;5;246m,[39m…
$ weekday            [3m[38;5;246m<ord>[39m[23m Wednesday[38;5;246m, [39mThursday[38;5;246m, [39mFriday[38;5;246m, [39mSaturday[38;5;246m, [39mSunday[38;5;246m,[39m…
$ dayofyear          [3m[38;5;246m<int>[39m[23m 1[38;5;246m, [39m2[38;5;246m, [39m3[38;5;246m, [39m4[38;5;246m, [39m5[38;5;246m, [39m6[38;5;246m, [39m7[38;5;246m, [39m8[38;5;246m, [39m9[38;5;246m, [39m10[38;5;246m, [39m11[38;5;246m, [39m12[38;5;246m, [39m13[38;5;246m, [39m14[38;5;246m,[39m…
$ temp               [3m[38;5;246m<dbl>[39m[23m 14.7[38;5;246m, [39m12.4[38;5;246m, [39m12.8[38;5;246m, [39m11.7[38;5;246m, [39m12.6[38;5;246m, [39m9.8[38;5;246m, [39m10.7[38;5;246m, [39m16.4[38;5;246m,[39m…
$ min                [3m[38;5;246m<dbl>[39m[23m 11.0[38;5;246m, [39m8.6[38;5;246m, [39m8.3[38;5;246m, [39m7.9[38;5;246m, [39m7.9[38;5;246m, [39m7.6[38;5;246m, [39m7.5[38;5;246m, [39m7.3[38;5;246m, [39m11.2[38;5;246m,[39m…
$ max                [3m[38;5;246m<dbl>[39m[23m 22.0[38;5;246m, [39m19.3[38;5;246m, [39m19.5[38;5;246m, [39m16.6[38;5;246m, [39m22.1[38;5;246m, [39m13.3[38;5;246m, [39m15.0[38;5;246m, [39m22.0…
$ dewp               [3m[38;5;246m<dbl>[39m[23m 11.5[38;5;246m, [39m9.8[38;5;246m, [39m8.7[38;5;246m, [39m7.6[38;5;246m, [39m6.6[38;5;246m, [39m5.4[38;5;246m, [39m6.4[38;5;246m, [39m9.2[38;5;246m, [39m12.2[38;5;246m,[39m…
$ rh                 [3m[38;5;246m<dbl>[39m[23m 81.1[38;5;246m, [39m84.2[38;5;246m, [39m76.1[38;5;246m, [39m76.0[38;5;246m, [39m66.8[38;5;246m, [39m74.1[38;5;246m, [39m74.8[38;5;246m, [39m62.4…
$ prcp               [3m[38;5;246m<dbl>[39m[23m 20.57[38;5;246m, [39m0.00[38;5;246m, [39m0.00[38;5;246m, [39m0.51[38;5;246m, [39m2.03[38;5;246m, [39m1.78[38;5;246m, [39m0.00[38;5;246m, [39m0.0…
$ rainy              [3m[38;5;246m<dbl>[39m[23m 1[38;5;246m, [39m0[38;5;246m, [39m0[38;5;246m, [39m0[38;5;246m, [39m0[38;5;246m, [39m0[38;5;246m, [39m0[38;5;246m, [39m0[38;5;246m, [39m0[38;5;246m, [39m0[38;5;246m, [39m0[38;5;246m, [39m0[38;5;246m, [39m0[38;5;246m, [39m0[38;5;246m, [39m0[38;5;246m, [39m0…
$ wind_speed         [3m[38;5;246m<dbl>[39m[23m 2.1[38;5;246m, [39m0.7[38;5;246m, [39m1.3[38;5;246m, [39m1.2[38;5;246m, [39m2.0[38;5;246m, [39m1.8[38;5;246m, [39m2.8[38;5;246m, [39m2.2[38;5;246m, [39m2.0[38;5;246m, [39m1…
$ max_speed          [3m[38;5;246m<dbl>[39m[23m 3.6[38;5;246m, [39m2.1[38;5;246m, [39m2.6[38;5;246m, [39m2.6[38;5;246m, [39m5.1[38;5;246m, [39m3.1[38;5;246m, [39m5.1[38;5;246m, [39m3.6[38;5;246m, [39m3.1[38;5;246m, [39m2…
"
