"0","# Combine and save
top_weather <- dplyr::bind_rows(weather_data_list) |> 
  transmute(
      weather_station_id = STNID,
      stn_lat = LATITUDE,
      stn_lon = LONGITUDE,
      date = YEARMODA,
      year = YEAR,
      month = MONTH,
      day = DAY,
      weekday = lubridate::wday(eventDate, label = TRUE, abbr = FALSE,
                                week_start = getOption(""lubridate.week.start"", 1)),
      dayofyear = YDAY,
      temp = TEMP,
      min = MIN,
      max = MAX,
      dewp = DEWP,
      rh = RH,
      prcp = PRCP,
      rainy = ifelse(PRCP > 5, 1, 0),
      wind_speed = WDSP,
      max_speed = MXSPD
    )
"
"2","G1;[1m[33mError[39m in `transmute()`:[22m
[38;5;252m[36mℹ[38;5;252m In argument: `weekday = lubridate::wday(...)`.[39m
[1mCaused by error:[22m
[33m![39m object 'eventDate' not found
[90mRun `]8;;x-r-run:rlang::last_trace()rlang::last_trace()]8;;` to see where the error occurred.[39m
g"
