"0","load(""../data/glowworms.rda"")"
"0","glimpse(glowworms)"
"1","Rows: 124
Columns: 11
$ obs_lat            [3m[38;5;246m<dbl>[39m[23m -43.46398[38;5;246m, [39m-43.46257[38;5;246m, [39m-43.46228[38;5;246m, [39m-43.46207[38;5;246m, [39m-43.46201…
$ obs_lon            [3m[38;5;246m<dbl>[39m[23m 146.8676[38;5;246m, [39m146.8485[38;5;246m, [39m146.8490[38;5;246m, [39m146.8491[38;5;246m, [39m146.8476[38;5;246m, [39m146…
$ year               [3m[38;5;246m<dbl>[39m[23m 2021[38;5;246m, [39m2015[38;5;246m, [39m2017[38;5;246m, [39m2023[38;5;246m, [39m2022[38;5;246m, [39m2024[38;5;246m, [39m2024[38;5;246m, [39m2024[38;5;246m, [39m2024[38;5;246m,[39m…
$ month              [3m[38;5;246m<dbl>[39m[23m 12[38;5;246m, [39m12[38;5;246m, [39m4[38;5;246m, [39m12[38;5;246m, [39m12[38;5;246m, [39m12[38;5;246m, [39m12[38;5;246m, [39m12[38;5;246m, [39m12[38;5;246m, [39m11[38;5;246m, [39m12[38;5;246m, [39m12[38;5;246m, [39m12[38;5;246m, [39m12…
$ day                [3m[38;5;246m<dbl>[39m[23m 14[38;5;246m, [39m9[38;5;246m, [39m17[38;5;246m, [39m21[38;5;246m, [39m26[38;5;246m, [39m5[38;5;246m, [39m5[38;5;246m, [39m5[38;5;246m, [39m4[38;5;246m, [39m28[38;5;246m, [39m4[38;5;246m, [39m5[38;5;246m, [39m5[38;5;246m, [39m6[38;5;246m, [39m5[38;5;246m, [39m4[38;5;246m, [39m…
$ weekday            [3m[38;5;246m<ord>[39m[23m Tuesday[38;5;246m, [39mWednesday[38;5;246m, [39mMonday[38;5;246m, [39mThursday[38;5;246m, [39mMonday[38;5;246m, [39mThursda…
$ dayofyear          [3m[38;5;246m<dbl>[39m[23m 348[38;5;246m, [39m343[38;5;246m, [39m107[38;5;246m, [39m355[38;5;246m, [39m360[38;5;246m, [39m340[38;5;246m, [39m340[38;5;246m, [39m340[38;5;246m, [39m339[38;5;246m, [39m332[38;5;246m, [39m339…
$ datetime           [3m[38;5;246m<dttm>[39m[23m 2021-12-14 22:14:23[38;5;246m, [39m2015-12-09 15:00:24[38;5;246m, [39m2017-04-17…
$ scientificName     [3m[38;5;246m<chr>[39m[23m ""Arachnocampa tasmaniensis""[38;5;246m, [39m""Arachnocampa tasmaniens…
$ obs_state          [3m[38;5;246m<chr>[39m[23m ""Tasmania""[38;5;246m, [39m""Tasmania""[38;5;246m, [39m""Tasmania""[38;5;246m, [39m""Tasmania""[38;5;246m, [39m""Tasm…
$ weather_station_id [3m[38;5;246m<chr>[39m[23m ""949610-99999""[38;5;246m, [39m""949610-99999""[38;5;246m, [39m""949610-99999""[38;5;246m, [39m""9496…
"
