"0","glowworms_raw |>    count(scientificName, obs_state) |> "
"0","  pivot_wider("
"0","    names_from = obs_state,"
"0","    values_from = n,"
"0","    values_fill = 0"
"0","  ) |> "
"0","  adorn_totals(where = c(""row"", ""col"")) |>       # Fill missing values with 0"
"0","  kable(caption = ""Occurrences by Scientific Name and State"")"
"2","G1;H1;Errorh: object 'glowworms_raw' not found
Error during wrapup: not that many frames on the stack
Error: no more error handlers available (recursive errors?); invoking 'abort' restart
g"
