"STNID","NAME","CTRY","COUNTRY_NAME","ISO2C","ISO3C","STATE","LATITUDE","LONGITUDE","ELEVATION","BEGIN","END","YEARMODA","YEAR","MONTH","DAY","YDAY","TEMP","TEMP_ATTRIBUTES","DEWP","DEWP_ATTRIBUTES","SLP","SLP_ATTRIBUTES","STP","STP_ATTRIBUTES","VISIB","VISIB_ATTRIBUTES","WDSP","WDSP_ATTRIBUTES","MXSPD","GUST","MAX","MAX_ATTRIBUTES","MIN","MIN_ATTRIBUTES","PRCP","PRCP_ATTRIBUTES","SNDP","I_FOG","I_RAIN_DRIZZLE","I_SNOW_ICE","I_HAIL","I_THUNDER","I_TORNADO_FUNNEL","EA","ES","RH"
"956640-99999","WHYALLA","AS","AUSTRALIA","AU","AUS","",-33.059,137.514,12.49,19920801,20240909,2024-01-01,2024,1,1,1,21.6,24,14.6,24,1013.5,24,1012.4,24,NA,0,4.8,24,7.7,NA,25.7,"*",15.8,NA,0,"I",NA,0,0,0,0,0,0,1.7,2.6,64.4
"956640-99999","WHYALLA","AS","AUSTRALIA","AU","AUS","",-33.059,137.514,12.49,19920801,20240909,2024-01-02,2024,1,2,2,22.9,24,15.7,24,1010.8,24,1009.7,24,NA,0,7.2,24,11.8,NA,28.9,NA,17.4,NA,0,"B",NA,0,0,0,0,0,0,1.8,2.8,63.9
"956640-99999","WHYALLA","AS","AUSTRALIA","AU","AUS","",-33.059,137.514,12.49,19920801,20240909,2024-01-03,2024,1,3,3,21.3,24,17.2,24,1013.6,24,1012.5,24,NA,0,6.8,24,10.3,NA,25.2,"*",19.1,NA,NA,NA,NA,0,1,0,0,0,0,2,2.5,77.5
"956640-99999","WHYALLA","AS","AUSTRALIA","AU","AUS","",-33.059,137.514,12.49,19920801,20240909,2024-01-04,2024,1,4,4,23.8,24,17.6,24,1014.7,24,1013.6,24,NA,0,6.3,24,8.2,NA,29.2,"*",19.4,NA,0,"I",NA,0,0,0,0,0,0,2,2.9,68.3
"956640-99999","WHYALLA","AS","AUSTRALIA","AU","AUS","",-33.059,137.514,12.49,19920801,20240909,2024-01-05,2024,1,5,5,26,24,18,24,1012.7,24,1011.6,24,NA,0,5.4,24,8.7,NA,34.7,"*",20.1,NA,8.13,"G",NA,0,1,0,1,0,0,2.1,3.4,61.4
"956640-99999","WHYALLA","AS","AUSTRALIA","AU","AUS","",-33.059,137.514,12.49,19920801,20240909,2024-01-06,2024,1,6,6,23.5,24,20.9,24,1008.9,24,1007.8,24,NA,0,4.3,24,8.2,NA,26.7,"*",20.1,NA,7.87,"G",NA,0,1,0,0,0,0,2.5,2.9,85.4
"956640-99999","WHYALLA","AS","AUSTRALIA","AU","AUS","",-33.059,137.514,12.49,19920801,20240909,2024-01-07,2024,1,7,7,20.9,24,18.1,24,1011.4,24,1010.3,24,NA,0,6,24,9.8,NA,24.7,"*",18.2,"*",3.56,"G",NA,1,1,0,1,0,0,2.1,2.5,84
"956640-99999","WHYALLA","AS","AUSTRALIA","AU","AUS","",-33.059,137.514,12.49,19920801,20240909,2024-01-08,2024,1,8,8,20.2,24,15.1,24,1014.5,24,1013.4,24,NA,0,6,24,10.3,NA,23,"*",18.2,NA,0,"G",NA,0,0,0,0,0,0,1.7,2.4,72.5
"956640-99999","WHYALLA","AS","AUSTRALIA","AU","AUS","",-33.059,137.514,12.49,19920801,20240909,2024-01-09,2024,1,9,9,21.4,24,16.4,24,1012.4,24,1011.3,24,NA,0,5.2,24,9.8,NA,25.1,"*",16.6,"*",0,"I",NA,0,0,0,0,0,0,1.9,2.5,73.2
"956640-99999","WHYALLA","AS","AUSTRALIA","AU","AUS","",-33.059,137.514,12.49,19920801,20240909,2024-01-10,2024,1,10,10,22,24,16.1,24,1015.6,24,1014.5,24,NA,0,6.5,24,9.3,NA,25.7,"*",16.6,NA,0,"I",NA,0,0,0,0,0,0,1.8,2.6,69.2
"956640-99999","WHYALLA","AS","AUSTRALIA","AU","AUS","",-33.059,137.514,12.49,19920801,20240909,2024-01-11,2024,1,11,11,25.1,24,15.1,24,1014.4,24,1013.3,24,NA,0,4.9,24,10.3,NA,31.6,"*",17.7,"*",0,"I",NA,0,0,0,0,0,0,1.7,3.2,53.9
"956640-99999","WHYALLA","AS","AUSTRALIA","AU","AUS","",-33.059,137.514,12.49,19920801,20240909,2024-01-12,2024,1,12,12,28.7,24,15.8,24,1012.1,24,1011,24,NA,0,6,24,9.3,NA,37.7,"*",17.7,NA,0,"I",NA,0,0,0,0,0,0,1.8,3.9,45.6
"956640-99999","WHYALLA","AS","AUSTRALIA","AU","AUS","",-33.059,137.514,12.49,19920801,20240909,2024-01-13,2024,1,13,13,26.2,23,16.2,23,1013.4,23,1012.3,23,NA,0,8.3,23,11.8,NA,35.2,NA,21.1,"*",0,"A",NA,0,0,0,0,0,0,1.8,3.4,54.1
"956640-99999","WHYALLA","AS","AUSTRALIA","AU","AUS","",-33.059,137.514,12.49,19920801,20240909,2024-01-14,2024,1,14,14,22.3,24,16.8,24,1013.3,24,1012.2,24,NA,0,4.9,24,9.3,NA,26,"*",19.2,"*",4.83,"G",NA,0,1,0,1,0,0,1.9,2.7,71.1
"956640-99999","WHYALLA","AS","AUSTRALIA","AU","AUS","",-33.059,137.514,12.49,19920801,20240909,2024-01-15,2024,1,15,15,26.6,24,16.8,24,1008.1,24,1007,24,NA,0,4.1,24,7.7,NA,30.7,"*",18.8,NA,0,"G",NA,0,0,0,0,0,0,1.9,3.5,54.9
"956640-99999","WHYALLA","AS","AUSTRALIA","AU","AUS","",-33.059,137.514,12.49,19920801,20240909,2024-01-16,2024,1,16,16,23.8,24,16.7,24,1007.4,24,1006.3,24,NA,0,6.1,24,8.2,NA,34,"*",18.5,"*",4.83,"G",NA,0,1,1,0,0,0,1.9,2.9,64.5
"956640-99999","WHYALLA","AS","AUSTRALIA","AU","AUS","",-33.059,137.514,12.49,19920801,20240909,2024-01-17,2024,1,17,17,18.9,24,11.3,24,1011.4,24,1010.3,24,NA,0,10.4,8,11.8,NA,22,"*",16.1,"*",0,"G",NA,0,0,0,0,0,0,1.3,2.2,61.3
"956640-99999","WHYALLA","AS","AUSTRALIA","AU","AUS","",-33.059,137.514,12.49,19920801,20240909,2024-01-18,2024,1,18,18,19.3,24,12.7,24,1010.5,24,1009.4,24,NA,0,NA,0,NA,NA,22.7,"*",14,"*",0,"I",NA,0,0,0,0,0,0,1.5,2.2,65.6
"956640-99999","WHYALLA","AS","AUSTRALIA","AU","AUS","",-33.059,137.514,12.49,19920801,20240909,2024-01-19,2024,1,19,19,24.5,24,12.1,24,1005.9,24,1004.8,24,NA,0,NA,0,NA,NA,31.6,"*",13.7,NA,0,"I",NA,0,0,0,0,0,0,1.4,3.1,45.9
"956640-99999","WHYALLA","AS","AUSTRALIA","AU","AUS","",-33.059,137.514,12.49,19920801,20240909,2024-01-20,2024,1,20,20,27.2,24,11.7,24,1006,24,1004.9,24,NA,0,NA,0,NA,NA,41,"*",16.1,NA,0,"G",NA,0,0,0,0,0,0,1.4,3.6,38.1
"956640-99999","WHYALLA","AS","AUSTRALIA","AU","AUS","",-33.059,137.514,12.49,19920801,20240909,2024-01-21,2024,1,21,21,22.2,23,14,23,1011.1,23,1010,23,NA,0,NA,0,NA,NA,26.6,NA,18.5,NA,0,"C",NA,0,0,0,0,0,0,1.6,2.7,59.7
"956640-99999","WHYALLA","AS","AUSTRALIA","AU","AUS","",-33.059,137.514,12.49,19920801,20240909,2024-01-22,2024,1,22,22,24.7,24,13.8,24,1008.3,24,1007.2,24,NA,0,NA,0,NA,NA,32.6,"*",17.6,"*",0,"I",NA,0,0,0,0,0,0,1.6,3.1,50.7
"956640-99999","WHYALLA","AS","AUSTRALIA","AU","AUS","",-33.059,137.514,12.49,19920801,20240909,2024-01-23,2024,1,23,23,33.1,24,13.2,24,1005.3,24,1004.1,24,NA,0,NA,0,NA,NA,44.6,"*",17.4,NA,0,"I",NA,0,0,0,0,0,0,1.5,5.1,30
"956640-99999","WHYALLA","AS","AUSTRALIA","AU","AUS","",-33.059,137.514,12.49,19920801,20240909,2024-01-24,2024,1,24,24,24,23,18.3,23,1008.5,23,1007.4,23,NA,0,4.9,20,7.7,NA,34.7,"*",20.7,"*",NA,NA,NA,0,1,1,0,0,0,2.1,3,70.5
"956640-99999","WHYALLA","AS","AUSTRALIA","AU","AUS","",-33.059,137.514,12.49,19920801,20240909,2024-01-25,2024,1,25,25,20.1,24,14.7,24,1010.5,24,1009.4,24,NA,0,7,24,10.8,NA,26.1,"*",15.5,"*",NA,NA,NA,0,1,0,0,0,0,1.7,2.3,71.1
"956640-99999","WHYALLA","AS","AUSTRALIA","AU","AUS","",-33.059,137.514,12.49,19920801,20240909,2024-01-26,2024,1,26,26,20.2,24,12.2,24,1012.8,24,1011.7,24,NA,0,7.7,24,10.8,NA,23.5,"*",15.3,NA,0,"I",NA,0,0,0,0,0,0,1.4,2.4,60
"956640-99999","WHYALLA","AS","AUSTRALIA","AU","AUS","",-33.059,137.514,12.49,19920801,20240909,2024-01-27,2024,1,27,27,20.2,24,12.7,24,1012.5,24,1011.4,24,NA,0,6.3,24,11.3,NA,23,"*",18,NA,0,"I",NA,0,0,0,0,0,0,1.5,2.4,62.1
"956640-99999","WHYALLA","AS","AUSTRALIA","AU","AUS","",-33.059,137.514,12.49,19920801,20240909,2024-01-28,2024,1,28,28,22,24,14.2,24,1009.2,24,1008.1,24,NA,0,3.6,24,5.7,NA,26.7,"*",15.5,"*",0,"I",NA,0,0,0,0,0,0,1.6,2.6,61.3
"956640-99999","WHYALLA","AS","AUSTRALIA","AU","AUS","",-33.059,137.514,12.49,19920801,20240909,2024-01-29,2024,1,29,29,22.7,24,16.8,24,1012.7,24,1011.6,24,NA,0,7,24,13.9,NA,28.2,"*",15.4,NA,0,"I",NA,0,0,0,0,0,0,1.9,2.8,69.3
"956640-99999","WHYALLA","AS","AUSTRALIA","AU","AUS","",-33.059,137.514,12.49,19920801,20240909,2024-01-30,2024,1,30,30,20.9,24,13.3,24,1017.2,24,1016.1,24,NA,0,8.5,24,11.8,NA,27.1,"*",17,"*",0,"I",NA,0,0,0,0,0,0,1.5,2.5,61.8
"956640-99999","WHYALLA","AS","AUSTRALIA","AU","AUS","",-33.059,137.514,12.49,19920801,20240909,2024-01-31,2024,1,31,31,20.6,24,13.3,24,1018.2,24,1017.1,24,NA,0,7.9,24,12.9,NA,24.5,"*",17,NA,0,"I",NA,0,0,0,0,0,0,1.5,2.4,63
"956640-99999","WHYALLA","AS","AUSTRALIA","AU","AUS","",-33.059,137.514,12.49,19920801,20240909,2024-02-01,2024,2,1,32,21.3,24,15.3,24,1016.5,24,1015.4,24,NA,0,7.7,24,10.8,NA,25.7,"*",17.6,NA,0,"I",NA,0,0,0,0,0,0,1.7,2.5,68.6
"956640-99999","WHYALLA","AS","AUSTRALIA","AU","AUS","",-33.059,137.514,12.49,19920801,20240909,2024-02-02,2024,2,2,33,22.3,24,15.8,24,1012.1,24,1011,24,NA,0,5,24,8.7,NA,27.2,"*",15.7,"*",0,"I",NA,0,0,0,0,0,0,1.8,2.7,66.7
"956640-99999","WHYALLA","AS","AUSTRALIA","AU","AUS","",-33.059,137.514,12.49,19920801,20240909,2024-02-03,2024,2,3,34,26,24,13.9,24,1005.5,24,1004.4,24,NA,0,4.1,24,7.7,NA,35.5,"*",15.8,NA,0,"I",NA,0,0,0,0,0,0,1.6,3.4,47.2
"956640-99999","WHYALLA","AS","AUSTRALIA","AU","AUS","",-33.059,137.514,12.49,19920801,20240909,2024-02-04,2024,2,4,35,29.2,24,11.4,24,1002.9,24,1001.8,24,NA,0,8.8,24,14.9,NA,43,"*",15.7,NA,0,"I",NA,0,0,0,0,0,0,1.3,4,33.3
"956640-99999","WHYALLA","AS","AUSTRALIA","AU","AUS","",-33.059,137.514,12.49,19920801,20240909,2024-02-05,2024,2,5,36,20.1,24,10.9,24,1014.5,24,1013.4,24,NA,0,9.4,24,13.4,NA,24,"*",17.2,"*",0,"I",NA,0,0,0,0,0,0,1.3,2.3,55.4
"956640-99999","WHYALLA","AS","AUSTRALIA","AU","AUS","",-33.059,137.514,12.49,19920801,20240909,2024-02-06,2024,2,6,37,20.2,24,10.4,24,1021.7,24,1020.6,24,NA,0,8.4,24,12.3,NA,23.2,"*",16.9,NA,0,"I",NA,0,0,0,0,0,0,1.3,2.4,53.3
"956640-99999","WHYALLA","AS","AUSTRALIA","AU","AUS","",-33.059,137.514,12.49,19920801,20240909,2024-02-07,2024,2,7,38,21,24,12.9,24,1022.9,24,1021.8,24,NA,0,7.5,24,12.9,NA,25.7,NA,17.4,NA,0,"A",NA,0,0,0,0,0,0,1.5,2.5,59.8
"956640-99999","WHYALLA","AS","AUSTRALIA","AU","AUS","",-33.059,137.514,12.49,19920801,20240909,2024-02-08,2024,2,8,39,22.2,24,13.6,24,1022.5,24,1021.4,24,NA,0,7.4,24,11.3,NA,28.1,"*",17.7,NA,0,"I",NA,0,0,0,0,0,0,1.6,2.7,58.2
"956640-99999","WHYALLA","AS","AUSTRALIA","AU","AUS","",-33.059,137.514,12.49,19920801,20240909,2024-02-09,2024,2,9,40,23.2,24,14.1,24,1021.6,24,1020.5,24,NA,0,7.4,24,11.3,NA,28.7,"*",18.4,NA,0,"I",NA,0,0,0,0,0,0,1.6,2.8,56.6
"956640-99999","WHYALLA","AS","AUSTRALIA","AU","AUS","",-33.059,137.514,12.49,19920801,20240909,2024-02-10,2024,2,10,41,23.8,24,15.1,24,1017.9,24,1016.8,24,NA,0,5.2,24,9.8,NA,30.7,"*",18.5,"*",0,"I",NA,0,0,0,0,0,0,1.7,2.9,58.2
"956640-99999","WHYALLA","AS","AUSTRALIA","AU","AUS","",-33.059,137.514,12.49,19920801,20240909,2024-02-11,2024,2,11,42,24.7,24,15.8,24,1014.1,24,1013,24,NA,0,4.1,24,7.2,NA,31.5,"*",17.1,NA,0,"I",NA,0,0,0,0,0,0,1.8,3.1,57.7
"956640-99999","WHYALLA","AS","AUSTRALIA","AU","AUS","",-33.059,137.514,12.49,19920801,20240909,2024-02-12,2024,2,12,43,29.3,24,14,24,1009.7,24,1008.6,24,NA,0,4.5,24,9.3,NA,38.5,"*",16.5,NA,0,"A",NA,0,0,0,0,0,0,1.6,4.1,39.2
"956640-99999","WHYALLA","AS","AUSTRALIA","AU","AUS","",-33.059,137.514,12.49,19920801,20240909,2024-02-13,2024,2,13,44,22.4,24,13.6,24,1013.8,24,1012.7,24,NA,0,9.2,24,12.9,NA,33.1,"*",18.1,"*",0,"I",NA,0,0,0,0,0,0,1.6,2.7,57.5
"956640-99999","WHYALLA","AS","AUSTRALIA","AU","AUS","",-33.059,137.514,12.49,19920801,20240909,2024-02-14,2024,2,14,45,19.7,24,9.9,24,1019,24,1017.9,24,NA,0,7.6,24,12.3,NA,23.5,"*",16,"*",0,"I",NA,0,0,0,0,0,0,1.2,2.3,53.2
"956640-99999","WHYALLA","AS","AUSTRALIA","AU","AUS","",-33.059,137.514,12.49,19920801,20240909,2024-02-15,2024,2,15,46,20.9,24,11.8,24,1018.9,24,1017.8,24,NA,0,5.5,24,9.8,NA,26,"*",15.1,"*",0,"A",NA,0,0,0,0,0,0,1.4,2.5,56
"956640-99999","WHYALLA","AS","AUSTRALIA","AU","AUS","",-33.059,137.514,12.49,19920801,20240909,2024-02-16,2024,2,16,47,24.1,23,11.9,23,1018.3,23,1017.2,23,NA,0,5.2,23,9.3,NA,30.6,"*",14.4,NA,0,"I",NA,0,0,0,0,0,0,1.4,3,46.4
"956640-99999","WHYALLA","AS","AUSTRALIA","AU","AUS","",-33.059,137.514,12.49,19920801,20240909,2024-02-17,2024,2,17,48,24.9,24,14.2,24,1018,24,1016.9,24,NA,0,5.4,24,9.3,NA,33.1,"*",15.5,NA,0,"I",NA,0,0,0,0,0,0,1.6,3.1,51.4
"956640-99999","WHYALLA","AS","AUSTRALIA","AU","AUS","",-33.059,137.514,12.49,19920801,20240909,2024-02-18,2024,2,18,49,25.8,24,14.2,24,1016.4,24,1015.3,24,NA,0,5.4,24,10.8,NA,33.5,"*",18,"*",0,"I",NA,0,0,0,0,0,0,1.6,3.3,48.7
"956640-99999","WHYALLA","AS","AUSTRALIA","AU","AUS","",-33.059,137.514,12.49,19920801,20240909,2024-02-19,2024,2,19,50,25.8,24,13.1,24,1013,24,1011.9,24,NA,0,4.2,24,8.2,NA,33.2,"*",17.1,"*",0,"I",NA,0,0,0,0,0,0,1.5,3.3,45.4
"956640-99999","WHYALLA","AS","AUSTRALIA","AU","AUS","",-33.059,137.514,12.49,19920801,20240909,2024-02-20,2024,2,20,51,25.9,24,13.6,23,1008.8,24,1007.7,24,NA,0,5.7,24,9.8,NA,38.2,"*",16.8,NA,0,"I",NA,0,0,0,0,0,0,1.6,3.3,46.6
"956640-99999","WHYALLA","AS","AUSTRALIA","AU","AUS","",-33.059,137.514,12.49,19920801,20240909,2024-02-21,2024,2,21,52,24.2,24,15.2,24,1007.2,24,1006.1,24,NA,0,3.4,24,6.7,NA,29.7,"*",16.9,NA,0,"I",NA,0,0,0,0,0,0,1.7,3,57.2
"956640-99999","WHYALLA","AS","AUSTRALIA","AU","AUS","",-33.059,137.514,12.49,19920801,20240909,2024-02-22,2024,2,22,53,24.8,23,13.1,23,1011,23,1009.9,23,NA,0,9.3,23,14.4,NA,38.8,"*",17.6,NA,0,"A",NA,0,0,0,0,0,0,1.5,3.1,48.2
"956640-99999","WHYALLA","AS","AUSTRALIA","AU","AUS","",-33.059,137.514,12.49,19920801,20240909,2024-02-23,2024,2,23,54,19,24,9.8,24,1018.8,24,1017.7,24,NA,0,8.6,24,11.8,NA,22.5,"*",15.6,"*",0,"I",NA,0,0,0,0,0,0,1.2,2.2,55.2
"956640-99999","WHYALLA","AS","AUSTRALIA","AU","AUS","",-33.059,137.514,12.49,19920801,20240909,2024-02-24,2024,2,24,55,19.2,24,10.9,24,1015.4,24,1014.3,24,NA,0,3.5,24,5.7,NA,26,"*",12,"*",0,"I",NA,0,0,0,0,0,0,1.3,2.2,58.6
"956640-99999","WHYALLA","AS","AUSTRALIA","AU","AUS","",-33.059,137.514,12.49,19920801,20240909,2024-02-25,2024,2,25,56,25.5,24,11.5,24,1014.3,24,1013.2,24,NA,0,5.7,24,8.2,NA,31.7,"*",11.4,NA,0,"I",NA,0,0,0,0,0,0,1.4,3.3,41.6
"956640-99999","WHYALLA","AS","AUSTRALIA","AU","AUS","",-33.059,137.514,12.49,19920801,20240909,2024-02-26,2024,2,26,57,23,24,14.9,24,1012.7,24,1011.6,24,NA,0,4.8,24,8.2,NA,28.2,"*",16.5,"*",0,"I",NA,0,0,0,0,0,0,1.7,2.8,60.3
"956640-99999","WHYALLA","AS","AUSTRALIA","AU","AUS","",-33.059,137.514,12.49,19920801,20240909,2024-02-27,2024,2,27,58,34.4,24,6.9,24,1006.7,24,1005.6,24,NA,0,5.8,24,9.3,NA,40.5,"*",25.5,"*",0,"I",NA,0,0,0,0,0,0,1,5.4,18.3
"956640-99999","WHYALLA","AS","AUSTRALIA","AU","AUS","",-33.059,137.514,12.49,19920801,20240909,2024-02-28,2024,2,28,59,24.7,23,16.1,23,1011.6,23,1010.5,23,NA,0,6,23,12.3,NA,31.5,"*",20.5,"*",0,"I",NA,0,0,0,0,0,0,1.8,3.1,58.8
"956640-99999","WHYALLA","AS","AUSTRALIA","AU","AUS","",-33.059,137.514,12.49,19920801,20240909,2024-02-29,2024,2,29,60,22.7,24,17,24,1014.1,24,1013,24,NA,0,6.2,24,11.3,NA,26.7,"*",19,"*",0,"A",NA,0,0,0,0,0,0,1.9,2.8,70.2
"956640-99999","WHYALLA","AS","AUSTRALIA","AU","AUS","",-33.059,137.514,12.49,19920801,20240909,2024-03-01,2024,3,1,61,23.1,23,15.5,23,1015.5,23,1014.4,23,NA,0,6.3,23,10.3,NA,28,"*",18.9,NA,0,"I",NA,0,0,0,0,0,0,1.8,2.8,62.3
"956640-99999","WHYALLA","AS","AUSTRALIA","AU","AUS","",-33.059,137.514,12.49,19920801,20240909,2024-03-02,2024,3,2,62,22.1,24,14.3,24,1017.6,24,1016.5,24,NA,0,7.3,24,10.3,NA,26.7,"*",18.5,"*",0,"I",NA,0,0,0,0,0,0,1.6,2.7,61.3
"956640-99999","WHYALLA","AS","AUSTRALIA","AU","AUS","",-33.059,137.514,12.49,19920801,20240909,2024-03-03,2024,3,3,63,21.6,24,12.9,24,1018.7,24,1017.5,24,NA,0,5.9,24,10.8,NA,25,"*",15.2,"*",0,"I",NA,0,0,0,0,0,0,1.5,2.6,57.7
"956640-99999","WHYALLA","AS","AUSTRALIA","AU","AUS","",-33.059,137.514,12.49,19920801,20240909,2024-03-04,2024,3,4,64,23.1,24,11.9,24,1016,24,1014.9,24,NA,0,3,24,4.6,NA,29.7,"*",13.9,NA,0,"I",NA,0,0,0,0,0,0,1.4,2.8,49.3
"956640-99999","WHYALLA","AS","AUSTRALIA","AU","AUS","",-33.059,137.514,12.49,19920801,20240909,2024-03-05,2024,3,5,65,26.6,24,12.1,24,1014.4,24,1013.3,24,NA,0,3.5,24,6.2,NA,32.7,"*",15.3,NA,0,"I",NA,0,0,0,0,0,0,1.4,3.5,40.5
"956640-99999","WHYALLA","AS","AUSTRALIA","AU","AUS","",-33.059,137.514,12.49,19920801,20240909,2024-03-06,2024,3,6,66,24.8,24,15.8,24,1017.3,24,1016.2,24,NA,0,6,24,8.7,NA,28.6,"*",20,NA,0,"I",NA,0,0,0,0,0,0,1.8,3.1,57.3
"956640-99999","WHYALLA","AS","AUSTRALIA","AU","AUS","",-33.059,137.514,12.49,19920801,20240909,2024-03-07,2024,3,7,67,25.7,23,17.3,23,1018,23,1016.9,23,NA,0,5.9,23,8.7,NA,32.1,"*",20.7,NA,0,"I",NA,0,0,0,0,0,0,2,3.3,59.8
"956640-99999","WHYALLA","AS","AUSTRALIA","AU","AUS","",-33.059,137.514,12.49,19920801,20240909,2024-03-08,2024,3,8,68,29.1,24,13.9,24,1014.2,24,1013.1,24,NA,0,3.1,24,5.1,NA,36.6,"*",21.1,NA,0,"I",NA,0,0,0,0,0,0,1.6,4,39.4
"956640-99999","WHYALLA","AS","AUSTRALIA","AU","AUS","",-33.059,137.514,12.49,19920801,20240909,2024-03-09,2024,3,9,69,33.9,24,10.9,24,1013.8,24,1012.7,24,NA,0,5.1,24,9.8,NA,40.6,"*",21.7,NA,0,"I",NA,0,0,0,0,0,0,1.3,5.3,24.6
"956640-99999","WHYALLA","AS","AUSTRALIA","AU","AUS","",-33.059,137.514,12.49,19920801,20240909,2024-03-10,2024,3,10,70,31.7,24,9.6,24,1015.7,24,1014.6,24,NA,0,3.8,24,7.7,NA,39.2,"*",21.6,"*",0,"I",NA,0,0,0,0,0,0,1.2,4.7,25.6
"956640-99999","WHYALLA","AS","AUSTRALIA","AU","AUS","",-33.059,137.514,12.49,19920801,20240909,2024-03-11,2024,3,11,71,30.2,24,10.3,24,1014.2,24,1013.1,24,NA,0,3.7,24,8.2,NA,39.6,"*",21.4,NA,0,"I",NA,0,0,0,0,0,0,1.3,4.3,29.2
"956640-99999","WHYALLA","AS","AUSTRALIA","AU","AUS","",-33.059,137.514,12.49,19920801,20240909,2024-03-12,2024,3,12,72,28.1,23,16.1,23,1013,23,1011.9,23,NA,0,5.6,23,9.8,NA,38.7,"*",21.5,NA,0,"I",NA,0,0,0,0,0,0,1.8,3.8,48.1
"956640-99999","WHYALLA","AS","AUSTRALIA","AU","AUS","",-33.059,137.514,12.49,19920801,20240909,2024-03-13,2024,3,13,73,26.7,24,18.2,24,1010.9,24,1009.9,24,NA,0,4.8,24,6.7,NA,32.6,"*",22.2,NA,0,"I",NA,0,0,0,0,0,0,2.1,3.5,59.6
"956640-99999","WHYALLA","AS","AUSTRALIA","AU","AUS","",-33.059,137.514,12.49,19920801,20240909,2024-03-14,2024,3,14,74,26.7,24,17.9,24,1010.6,24,1009.5,24,NA,0,6.3,24,9.3,NA,32,"*",23.2,"*",NA,NA,NA,0,1,1,0,0,0,2,3.5,58.5
"956640-99999","WHYALLA","AS","AUSTRALIA","AU","AUS","",-33.059,137.514,12.49,19920801,20240909,2024-03-15,2024,3,15,75,23.3,24,17.8,24,1012.5,24,1011.4,24,NA,0,4.2,24,6.7,NA,28,"*",19.5,"*",1.02,"G",NA,0,1,1,0,0,0,2,2.9,71.2
"956640-99999","WHYALLA","AS","AUSTRALIA","AU","AUS","",-33.059,137.514,12.49,19920801,20240909,2024-03-16,2024,3,16,76,24.3,24,18.9,24,1009.2,24,1008.1,24,NA,0,3.9,24,6.7,NA,29.1,"*",19.3,NA,2.29,"G",NA,0,1,1,0,0,0,2.2,3,71.9
"956640-99999","WHYALLA","AS","AUSTRALIA","AU","AUS","",-33.059,137.514,12.49,19920801,20240909,2024-03-17,2024,3,17,77,23.3,24,19,24,1007,24,1005.9,24,NA,0,4.9,24,7.7,NA,29.5,"*",18.6,"*",0,"G",NA,0,0,0,0,0,0,2.2,2.9,76.8
"956640-99999","WHYALLA","AS","AUSTRALIA","AU","AUS","",-33.059,137.514,12.49,19920801,20240909,2024-03-18,2024,3,18,78,22.4,24,17.7,24,1009.7,24,1008.6,24,NA,0,5.8,24,8.2,NA,26.2,"*",18.4,NA,0,"I",NA,0,0,0,0,0,0,2,2.7,74.8
"956640-99999","WHYALLA","AS","AUSTRALIA","AU","AUS","",-33.059,137.514,12.49,19920801,20240909,2024-03-19,2024,3,19,79,19.6,24,11.4,24,1019.8,24,1018.7,24,NA,0,8.4,24,10.8,NA,23.5,"*",16.2,"*",0,"I",NA,0,0,0,0,0,0,1.3,2.3,59.1
"956640-99999","WHYALLA","AS","AUSTRALIA","AU","AUS","",-33.059,137.514,12.49,19920801,20240909,2024-03-20,2024,3,20,80,18.3,24,7.6,24,1026.7,24,1025.5,24,NA,0,7.5,24,9.8,NA,22,"*",15.1,"*",0,"I",NA,0,0,0,0,0,0,1,2.1,49.7
"956640-99999","WHYALLA","AS","AUSTRALIA","AU","AUS","",-33.059,137.514,12.49,19920801,20240909,2024-03-21,2024,3,21,81,18.2,24,7.1,24,1023.3,24,1022.1,24,NA,0,4.9,24,9.3,NA,24.1,"*",10.6,"*",0,"I",NA,0,0,0,0,0,0,1,2.1,48.3
"956640-99999","WHYALLA","AS","AUSTRALIA","AU","AUS","",-33.059,137.514,12.49,19920801,20240909,2024-03-22,2024,3,22,82,19.8,24,10.1,24,1023.1,24,1021.9,24,NA,0,7.7,24,11.8,NA,24.2,"*",10.3,NA,0,"I",NA,0,0,0,0,0,0,1.2,2.3,53.6
"956640-99999","WHYALLA","AS","AUSTRALIA","AU","AUS","",-33.059,137.514,12.49,19920801,20240909,2024-03-23,2024,3,23,83,19,24,10.4,24,1025,24,1023.8,24,NA,0,8,24,12.3,NA,23.2,"*",15,"*",0,"I",NA,0,0,0,0,0,0,1.3,2.2,57.4
"956640-99999","WHYALLA","AS","AUSTRALIA","AU","AUS","",-33.059,137.514,12.49,19920801,20240909,2024-03-24,2024,3,24,84,17.7,24,11.2,24,1023.8,24,1022.6,24,NA,0,5.7,24,10.8,NA,21.5,"*",10.2,"*",0,"I",NA,0,0,0,0,0,0,1.3,2,65.7
"956640-99999","WHYALLA","AS","AUSTRALIA","AU","AUS","",-33.059,137.514,12.49,19920801,20240909,2024-03-25,2024,3,25,85,18.5,24,12.4,24,1021.5,24,1020.3,24,NA,0,4.7,24,6.7,NA,22.1,"*",9.7,NA,0,"I",NA,0,0,0,0,0,0,1.4,2.1,67.6
"956640-99999","WHYALLA","AS","AUSTRALIA","AU","AUS","",-33.059,137.514,12.49,19920801,20240909,2024-03-26,2024,3,26,86,19.8,16,12.7,16,1023.1,16,1021.9,16,NA,0,6.6,16,9.3,NA,22.1,"*",11.6,NA,0,"I",NA,0,0,0,0,0,0,1.5,2.3,63.6
"956640-99999","WHYALLA","AS","AUSTRALIA","AU","AUS","",-33.059,137.514,12.49,19920801,20240909,2024-03-27,2024,3,27,87,20.3,14,13.3,14,1023.7,14,1022.5,14,NA,0,6.3,14,8.2,NA,24.1,"*",17.1,"*",0,"I",NA,0,0,0,0,0,0,1.5,2.4,64.1
"956640-99999","WHYALLA","AS","AUSTRALIA","AU","AUS","",-33.059,137.514,12.49,19920801,20240909,2024-04-01,2024,4,1,92,14.7,6,10.9,6,1019.7,6,1018.5,6,NA,0,4.1,6,6.7,NA,18.2,"*",13.2,"*",0,"I",NA,0,0,0,0,0,0,1.3,1.7,78
"956640-99999","WHYALLA","AS","AUSTRALIA","AU","AUS","",-33.059,137.514,12.49,19920801,20240909,2024-04-02,2024,4,2,93,19.4,7,10.6,7,1022.1,7,1020.9,7,NA,0,6,7,9.3,NA,21.6,"*",15.5,"*",0,"I",NA,0,0,0,0,0,0,1.3,2.2,56.8
"956640-99999","WHYALLA","AS","AUSTRALIA","AU","AUS","",-33.059,137.514,12.49,19920801,20240909,2024-04-03,2024,4,3,94,18.1,24,11.1,24,1024.2,24,1023,24,NA,0,4.3,24,6.7,NA,20.5,"*",16,"*",0,"I",NA,0,0,0,0,0,0,1.3,2.1,63.6
"956640-99999","WHYALLA","AS","AUSTRALIA","AU","AUS","",-33.059,137.514,12.49,19920801,20240909,2024-04-04,2024,4,4,95,17.3,24,9.6,24,1025.3,24,1024.2,24,NA,0,6.2,24,10.3,NA,20.7,"*",13.5,"*",0,"I",NA,0,0,0,0,0,0,1.2,2,60.6
"956640-99999","WHYALLA","AS","AUSTRALIA","AU","AUS","",-33.059,137.514,12.49,19920801,20240909,2024-04-05,2024,4,5,96,16.7,24,9.6,24,1022.7,24,1021.5,24,NA,0,4.7,24,10.3,NA,22,"*",11.2,"*",0,"I",NA,0,0,0,0,0,0,1.2,1.9,62.9
"956640-99999","WHYALLA","AS","AUSTRALIA","AU","AUS","",-33.059,137.514,12.49,19920801,20240909,2024-04-06,2024,4,6,97,18.2,24,11.9,24,1018.5,24,1017.3,24,NA,0,5.1,24,8.2,NA,21.7,"*",11.2,NA,0,"I",NA,0,0,0,0,0,0,1.4,2.1,66.7
"956640-99999","WHYALLA","AS","AUSTRALIA","AU","AUS","",-33.059,137.514,12.49,19920801,20240909,2024-04-07,2024,4,7,98,16.2,24,9.3,24,1016.6,24,1015.4,24,NA,0,3.9,24,6.2,NA,20.1,"*",9.5,"*",0,"I",NA,0,0,0,0,0,0,1.2,1.8,63.6
"956640-99999","WHYALLA","AS","AUSTRALIA","AU","AUS","",-33.059,137.514,12.49,19920801,20240909,2024-04-08,2024,4,8,99,17.1,24,10.2,24,1018.6,24,1017.4,24,NA,0,6.2,24,9.8,NA,20.5,"*",9.1,NA,0.51,"G",NA,0,1,0,0,0,0,1.2,1.9,63.8
"956640-99999","WHYALLA","AS","AUSTRALIA","AU","AUS","",-33.059,137.514,12.49,19920801,20240909,2024-04-09,2024,4,9,100,16.9,24,7.1,24,1024.6,24,1023.4,24,NA,0,6.2,24,8.2,NA,19,"*",14.7,NA,0,"G",NA,0,0,0,0,0,0,1,1.9,52.4
"956640-99999","WHYALLA","AS","AUSTRALIA","AU","AUS","",-33.059,137.514,12.49,19920801,20240909,2024-04-10,2024,4,10,101,16.5,24,9.4,24,1025.5,24,1024.3,24,NA,0,4.5,24,6.7,NA,18.5,"*",14.5,"*",0,"I",NA,0,0,0,0,0,0,1.2,1.9,62.9
"956640-99999","WHYALLA","AS","AUSTRALIA","AU","AUS","",-33.059,137.514,12.49,19920801,20240909,2024-04-11,2024,4,11,102,15.9,24,10.3,24,1024.6,24,1023.4,24,NA,0,4.7,24,7.7,NA,19.6,"*",9.7,"*",0,"I",NA,0,0,0,0,0,0,1.3,1.8,69.4
"956640-99999","WHYALLA","AS","AUSTRALIA","AU","AUS","",-33.059,137.514,12.49,19920801,20240909,2024-04-12,2024,4,12,103,16.1,24,9.3,24,1023.8,24,1022.6,24,NA,0,4.9,24,7.2,NA,19.5,"*",7.5,"*",0,"I",NA,0,0,0,0,0,0,1.2,1.8,64.1
"956640-99999","WHYALLA","AS","AUSTRALIA","AU","AUS","",-33.059,137.514,12.49,19920801,20240909,2024-04-13,2024,4,13,104,14.4,24,9.2,24,1023.1,24,1021.9,24,NA,0,4,24,6.2,NA,19.2,"*",7.5,NA,0,"I",NA,0,0,0,0,0,0,1.2,1.6,71
"956640-99999","WHYALLA","AS","AUSTRALIA","AU","AUS","",-33.059,137.514,12.49,19920801,20240909,2024-04-14,2024,4,14,105,17,24,12.4,24,1022.9,24,1021.7,24,NA,0,3.5,24,7.7,NA,22.1,"*",8,NA,0,"I",NA,0,0,0,0,0,0,1.4,1.9,74.3
"956640-99999","WHYALLA","AS","AUSTRALIA","AU","AUS","",-33.059,137.514,12.49,19920801,20240909,2024-04-15,2024,4,15,106,18.2,24,12.6,24,1024.4,24,1023.2,24,NA,0,5.7,24,8.7,NA,22,"*",11.9,NA,0,"I",NA,0,0,0,0,0,0,1.5,2.1,69.8
"956640-99999","WHYALLA","AS","AUSTRALIA","AU","AUS","",-33.059,137.514,12.49,19920801,20240909,2024-04-16,2024,4,16,107,18,24,12.2,24,1025.7,24,1024.5,24,NA,0,7,24,10.3,NA,20.5,"*",15.6,"*",0,"A",NA,0,0,0,0,0,0,1.4,2.1,68.9
"956640-99999","WHYALLA","AS","AUSTRALIA","AU","AUS","",-33.059,137.514,12.49,19920801,20240909,2024-04-17,2024,4,17,108,17.8,17,10.8,17,1026.7,17,1025.5,17,NA,0,6.9,17,10.3,NA,19.7,"*",14.3,"*",0,"I",NA,0,0,0,0,0,0,1.3,2,63.6
"956640-99999","WHYALLA","AS","AUSTRALIA","AU","AUS","",-33.059,137.514,12.49,19920801,20240909,2024-04-18,2024,4,18,109,16.2,22,10.2,22,1025.2,22,1023.9,22,NA,0,5.6,22,9.3,NA,19,"*",14,"*",0.51,"G",NA,0,0,0,0,0,0,1.2,1.8,67.6
"956640-99999","WHYALLA","AS","AUSTRALIA","AU","AUS","",-33.059,137.514,12.49,19920801,20240909,2024-04-19,2024,4,19,110,16.4,24,9.9,24,1027.2,24,1026,24,NA,0,7.3,24,11.8,NA,19.5,"*",12.7,"*",0,"G",NA,0,0,0,0,0,0,1.2,1.9,65.4
"956640-99999","WHYALLA","AS","AUSTRALIA","AU","AUS","",-33.059,137.514,12.49,19920801,20240909,2024-04-20,2024,4,20,111,14.5,24,9.2,24,1029.6,24,1028.4,24,NA,0,4.6,24,8.7,NA,20,"*",7,"*",0,"I",NA,0,0,0,0,0,0,1.2,1.6,70.5
"956640-99999","WHYALLA","AS","AUSTRALIA","AU","AUS","",-33.059,137.514,12.49,19920801,20240909,2024-04-21,2024,4,21,112,13.8,24,7.9,24,1027,24,1025.8,24,NA,0,3.2,24,5.7,NA,21.7,"*",5.7,"*",0,"I",NA,0,0,0,0,0,0,1.1,1.6,67.6
"956640-99999","WHYALLA","AS","AUSTRALIA","AU","AUS","",-33.059,137.514,12.49,19920801,20240909,2024-04-22,2024,4,22,113,17.4,24,6.4,24,1021,24,1019.8,24,NA,0,3.4,24,6.2,NA,25,"*",5.5,NA,0,"I",NA,0,0,0,0,0,0,1,2,48.4
"956640-99999","WHYALLA","AS","AUSTRALIA","AU","AUS","",-33.059,137.514,12.49,19920801,20240909,2024-04-23,2024,4,23,114,18.9,24,7.3,24,1022.7,24,1021.5,24,NA,0,8.2,24,13.4,NA,29.1,"*",10.5,NA,0,"I",NA,0,0,0,0,0,0,1,2.2,46.9
"956640-99999","WHYALLA","AS","AUSTRALIA","AU","AUS","",-33.059,137.514,12.49,19920801,20240909,2024-04-24,2024,4,24,115,15.2,24,6.7,24,1028.5,24,1027.3,24,NA,0,5.9,24,8.7,NA,17.7,"*",12.5,"*",0,"I",NA,0,0,0,0,0,0,1,1.7,56.9
"956640-99999","WHYALLA","AS","AUSTRALIA","AU","AUS","",-33.059,137.514,12.49,19920801,20240909,2024-04-25,2024,4,25,116,15.4,24,9.2,24,1028.7,24,1027.5,24,NA,0,4.8,24,8.7,NA,19.1,"*",12.3,NA,0.25,"G",NA,0,0,0,0,0,0,1.2,1.7,66.5
"956640-99999","WHYALLA","AS","AUSTRALIA","AU","AUS","",-33.059,137.514,12.49,19920801,20240909,2024-04-26,2024,4,26,117,12.3,24,5.9,24,1026.6,24,1025.4,24,NA,0,4.1,24,6.7,NA,17,"*",4.7,"*",0,"G",NA,0,0,0,0,0,0,0.9,1.4,65
"956640-99999","WHYALLA","AS","AUSTRALIA","AU","AUS","",-33.059,137.514,12.49,19920801,20240909,2024-04-27,2024,4,27,118,13.8,24,4.8,24,1023.1,24,1021.9,24,NA,0,3.1,24,5.1,NA,20.7,"*",4.6,NA,0,"I",NA,0,0,0,0,0,0,0.9,1.6,54.6
"956640-99999","WHYALLA","AS","AUSTRALIA","AU","AUS","",-33.059,137.514,12.49,19920801,20240909,2024-04-28,2024,4,28,119,17.6,24,2.5,24,1020.8,24,1019.6,24,NA,0,3.5,24,6.7,NA,25.5,"*",5.2,NA,0,"A",NA,0,0,0,0,0,0,0.7,2,36.4
"956640-99999","WHYALLA","AS","AUSTRALIA","AU","AUS","",-33.059,137.514,12.49,19920801,20240909,2024-04-29,2024,4,29,120,17.1,24,11.1,24,1026,24,1024.8,24,NA,0,7.4,24,10.3,NA,20.5,"*",10.6,NA,0,"I",NA,0,0,0,0,0,0,1.3,1.9,67.8
"956640-99999","WHYALLA","AS","AUSTRALIA","AU","AUS","",-33.059,137.514,12.49,19920801,20240909,2024-04-30,2024,4,30,121,15.4,22,5.7,22,1028.9,22,1027.7,22,NA,0,7.1,22,9.8,NA,19.5,"*",11,"*",0,"I",NA,0,0,0,0,0,0,0.9,1.7,52.4
"956640-99999","WHYALLA","AS","AUSTRALIA","AU","AUS","",-33.059,137.514,12.49,19920801,20240909,2024-05-02,2024,5,2,123,15.7,24,8.9,24,1026.4,24,1025.2,24,NA,0,4.7,24,7.7,NA,20,"*",5.4,NA,0,"I",NA,0,0,0,0,0,0,1.1,1.8,64
"956640-99999","WHYALLA","AS","AUSTRALIA","AU","AUS","",-33.059,137.514,12.49,19920801,20240909,2024-05-03,2024,5,3,124,14.3,24,8.7,24,1024.7,24,1023.5,24,NA,0,NA,0,NA,NA,21,"*",6.1,"*",0,"I",NA,0,0,0,0,0,0,1.1,1.6,69.1
"956640-99999","WHYALLA","AS","AUSTRALIA","AU","AUS","",-33.059,137.514,12.49,19920801,20240909,2024-05-04,2024,5,4,125,14.5,24,9.1,24,1023.7,24,1022.5,24,NA,0,NA,0,NA,NA,20.5,"*",5.6,NA,0,"I",NA,0,0,0,0,0,0,1.2,1.6,70
"956640-99999","WHYALLA","AS","AUSTRALIA","AU","AUS","",-33.059,137.514,12.49,19920801,20240909,2024-05-05,2024,5,5,126,16.1,24,8.8,24,1027.1,24,1025.9,24,NA,0,NA,0,NA,NA,21.5,"*",7.9,NA,0,"I",NA,0,0,0,0,0,0,1.1,1.8,61.9
"956640-99999","WHYALLA","AS","AUSTRALIA","AU","AUS","",-33.059,137.514,12.49,19920801,20240909,2024-05-06,2024,5,6,127,14.6,24,10.2,24,1027.8,24,1026.6,24,NA,0,NA,0,NA,NA,20.5,"*",8.2,"*",0,"A",NA,0,0,0,0,0,0,1.2,1.7,74.9
"956640-99999","WHYALLA","AS","AUSTRALIA","AU","AUS","",-33.059,137.514,12.49,19920801,20240909,2024-05-07,2024,5,7,128,16.6,23,9.8,23,1026.7,23,1025.5,23,NA,0,3.6,16,7.2,NA,21.7,"*",7.1,NA,0,"I",NA,0,0,0,0,0,0,1.2,1.9,64.2
"956640-99999","WHYALLA","AS","AUSTRALIA","AU","AUS","",-33.059,137.514,12.49,19920801,20240909,2024-05-08,2024,5,8,129,15.7,24,9.2,24,1026,24,1024.8,24,NA,0,3.6,24,6.7,NA,22.8,NA,9.5,"*",0,"I",NA,0,0,0,0,0,0,1.2,1.8,65.3
"956640-99999","WHYALLA","AS","AUSTRALIA","AU","AUS","",-33.059,137.514,12.49,19920801,20240909,2024-05-09,2024,5,9,130,16.2,24,9.7,24,1027.5,24,1026.3,24,NA,0,4.6,24,7.7,NA,22.5,"*",9.1,NA,0,"I",NA,0,0,0,0,0,0,1.2,1.8,65.4
"956640-99999","WHYALLA","AS","AUSTRALIA","AU","AUS","",-33.059,137.514,12.49,19920801,20240909,2024-05-10,2024,5,10,131,14.8,24,10.8,24,1027.6,24,1026.4,24,NA,0,4.7,24,7.2,NA,20.1,"*",10.5,"*",0,"I",NA,0,0,0,0,0,0,1.3,1.7,77
"956640-99999","WHYALLA","AS","AUSTRALIA","AU","AUS","",-33.059,137.514,12.49,19920801,20240909,2024-05-11,2024,5,11,132,13.7,24,10.5,24,1026,24,1024.8,24,NA,0,3.4,24,5.7,NA,17.7,"*",7.7,"*",0,"I",NA,0,0,0,0,0,0,1.3,1.6,81
"956640-99999","WHYALLA","AS","AUSTRALIA","AU","AUS","",-33.059,137.514,12.49,19920801,20240909,2024-05-12,2024,5,12,133,11.8,24,9.2,24,1024.7,24,1023.5,24,NA,0,2.9,24,4.6,NA,17.5,"*",6.2,"*",0,"I",NA,0,0,0,0,0,0,1.2,1.4,84.1
"956640-99999","WHYALLA","AS","AUSTRALIA","AU","AUS","",-33.059,137.514,12.49,19920801,20240909,2024-05-13,2024,5,13,134,13.2,24,9.2,24,1026.1,24,1024.9,24,NA,0,2.4,24,5.1,NA,21.1,"*",5.9,NA,0,"I",NA,0,0,0,0,0,0,1.2,1.5,76.7
"956640-99999","WHYALLA","AS","AUSTRALIA","AU","AUS","",-33.059,137.514,12.49,19920801,20240909,2024-05-14,2024,5,14,135,12.8,24,8.7,24,1026.9,24,1025.7,24,NA,0,2.7,24,4.1,NA,20.7,"*",6.7,NA,0,"I",NA,0,0,0,0,0,0,1.1,1.5,76.1
"956640-99999","WHYALLA","AS","AUSTRALIA","AU","AUS","",-33.059,137.514,12.49,19920801,20240909,2024-05-15,2024,5,15,136,13.7,24,10.2,24,1026.9,24,1025.7,24,NA,0,2.6,24,4.1,NA,21.7,"*",5.7,"*",0,"I",NA,0,0,0,0,0,0,1.2,1.6,79.4
"956640-99999","WHYALLA","AS","AUSTRALIA","AU","AUS","",-33.059,137.514,12.49,19920801,20240909,2024-05-16,2024,5,16,137,12.3,24,6.9,24,1027.2,24,1026,24,NA,0,2.7,24,4.6,NA,20.5,"*",4,"*",0,"I",NA,0,0,0,0,0,0,1,1.4,69.6
"956640-99999","WHYALLA","AS","AUSTRALIA","AU","AUS","",-33.059,137.514,12.49,19920801,20240909,2024-05-17,2024,5,17,138,16.1,24,9.2,24,1030.8,24,1029.6,24,NA,0,6.4,24,10.3,NA,21.2,"*",3.6,NA,0,"I",NA,0,0,0,0,0,0,1.2,1.8,63.6
"956640-99999","WHYALLA","AS","AUSTRALIA","AU","AUS","",-33.059,137.514,12.49,19920801,20240909,2024-05-18,2024,5,18,139,12.9,24,5.9,24,1031.7,24,1030.5,24,NA,0,5.5,24,7.7,NA,16.2,"*",9.5,"*",0,"I",NA,0,0,0,0,0,0,0.9,1.5,62.5
"956640-99999","WHYALLA","AS","AUSTRALIA","AU","AUS","",-33.059,137.514,12.49,19920801,20240909,2024-05-19,2024,5,19,140,13.3,24,8.2,24,1030.9,24,1029.7,24,NA,0,4.5,24,6.7,NA,15.2,"*",8.7,"*",0,"I",NA,0,0,0,0,0,0,1.1,1.5,71.2
"956640-99999","WHYALLA","AS","AUSTRALIA","AU","AUS","",-33.059,137.514,12.49,19920801,20240909,2024-05-20,2024,5,20,141,13.9,24,9.9,24,1031.1,24,1029.9,24,NA,0,5.4,24,7.2,NA,16.7,"*",8.2,NA,0.51,"G",NA,0,1,0,0,0,0,1.2,1.6,76.8
"956640-99999","WHYALLA","AS","AUSTRALIA","AU","AUS","",-33.059,137.514,12.49,19920801,20240909,2024-05-21,2024,5,21,142,9.8,24,5.4,24,1029.7,24,1028.5,24,NA,0,3.7,24,6.2,NA,15.6,"*",1.5,"*",0,"G",NA,0,0,0,0,0,0,0.9,1.2,74.1
"956640-99999","WHYALLA","AS","AUSTRALIA","AU","AUS","",-33.059,137.514,12.49,19920801,20240909,2024-05-22,2024,5,22,143,8.4,24,4,24,1027.4,24,1026.2,24,NA,0,2.7,24,4.1,NA,14.6,"*",2.1,"*",0,"I",NA,0,0,0,0,0,0,0.8,1.1,73.8
"956640-99999","WHYALLA","AS","AUSTRALIA","AU","AUS","",-33.059,137.514,12.49,19920801,20240909,2024-05-23,2024,5,23,144,9.2,23,3.9,23,1025.6,23,1024.4,23,NA,0,2.2,23,4.1,NA,16.7,"*",1.6,NA,0,"I",NA,0,0,0,0,0,0,0.8,1.2,69.5
"956640-99999","WHYALLA","AS","AUSTRALIA","AU","AUS","",-33.059,137.514,12.49,19920801,20240909,2024-05-24,2024,5,24,145,11.7,24,6.1,24,1024.1,24,1022.9,24,NA,0,2.3,24,4.6,NA,18.1,"*",5,"*",0,"I",NA,0,0,0,0,0,0,0.9,1.4,68.5
"956640-99999","WHYALLA","AS","AUSTRALIA","AU","AUS","",-33.059,137.514,12.49,19920801,20240909,2024-05-25,2024,5,25,146,11.5,24,5.6,24,1024,24,1022.8,24,NA,0,2.7,24,5.1,NA,20,"*",4.6,"*",0,"I",NA,0,0,0,0,0,0,0.9,1.4,67.1
"956640-99999","WHYALLA","AS","AUSTRALIA","AU","AUS","",-33.059,137.514,12.49,19920801,20240909,2024-05-26,2024,5,26,147,13.1,24,2.7,24,1024.8,24,1023.6,24,NA,0,3.4,24,6.2,NA,24.2,"*",4.3,NA,0,"A",NA,0,0,0,0,0,0,0.7,1.5,49.3
"956640-99999","WHYALLA","AS","AUSTRALIA","AU","AUS","",-33.059,137.514,12.49,19920801,20240909,2024-05-27,2024,5,27,148,13.7,24,2.6,24,1024.8,24,1023.6,24,NA,0,2.9,24,4.6,NA,24.1,"*",4.4,NA,0,"I",NA,0,0,0,0,0,0,0.7,1.6,47.1
"956640-99999","WHYALLA","AS","AUSTRALIA","AU","AUS","",-33.059,137.514,12.49,19920801,20240909,2024-05-28,2024,5,28,149,14.1,24,0.9,24,1021.6,24,1020.4,24,NA,0,4,24,6.2,NA,24.1,"*",4.5,"*",0,"I",NA,0,0,0,0,0,0,0.7,1.6,40.6
"956640-99999","WHYALLA","AS","AUSTRALIA","AU","AUS","",-33.059,137.514,12.49,19920801,20240909,2024-05-29,2024,5,29,150,21,24,5.2,24,1012.8,24,1011.5,24,NA,0,8.2,24,11.3,NA,25,"*",15.5,"*",3.3,"G",NA,0,1,0,0,0,0,0.9,2.5,35.6
"956640-99999","WHYALLA","AS","AUSTRALIA","AU","AUS","",-33.059,137.514,12.49,19920801,20240909,2024-05-30,2024,5,30,151,11.7,24,7.1,24,1013.9,24,1012.7,24,NA,0,4.9,24,8.2,NA,19,"*",6.7,"*",1.27,"G",NA,0,0,0,0,0,0,1,1.4,73.4
"956640-99999","WHYALLA","AS","AUSTRALIA","AU","AUS","",-33.059,137.514,12.49,19920801,20240909,2024-05-31,2024,5,31,152,12.9,24,9.3,24,1021.6,24,1020.4,24,NA,0,3.7,24,7.2,NA,19.5,"*",6.5,NA,2.29,"G",NA,0,1,1,0,0,0,1.2,1.5,78.8
"956640-99999","WHYALLA","AS","AUSTRALIA","AU","AUS","",-33.059,137.514,12.49,19920801,20240909,2024-06-01,2024,6,1,153,9.8,24,5.9,24,1027.5,24,1026.3,24,NA,0,3.4,24,5.7,NA,15,"*",1.7,"*",0,"G",NA,0,0,0,0,0,0,0.9,1.2,76.7
"956640-99999","WHYALLA","AS","AUSTRALIA","AU","AUS","",-33.059,137.514,12.49,19920801,20240909,2024-06-02,2024,6,2,154,9.2,24,4.2,24,1022.5,24,1021.3,24,NA,0,2.7,24,5.1,NA,14.7,"*",1.6,NA,0,"I",NA,0,0,0,0,0,0,0.8,1.2,70.9
"956640-99999","WHYALLA","AS","AUSTRALIA","AU","AUS","",-33.059,137.514,12.49,19920801,20240909,2024-06-03,2024,6,3,155,12.2,24,4.2,24,1015,24,1013.8,24,NA,0,5.3,24,9.8,NA,16.5,"*",4.7,NA,1.52,"G",NA,0,1,0,0,0,0,0.8,1.4,58.1
"956640-99999","WHYALLA","AS","AUSTRALIA","AU","AUS","",-33.059,137.514,12.49,19920801,20240909,2024-06-04,2024,6,4,156,8.5,24,6.4,24,1019.6,24,1018.4,24,NA,0,2.6,24,4.1,NA,12.7,"*",3,"*",0,"G",NA,0,1,0,0,0,0,1,1.1,86.6
"956640-99999","WHYALLA","AS","AUSTRALIA","AU","AUS","",-33.059,137.514,12.49,19920801,20240909,2024-06-05,2024,6,5,157,12.8,24,10.5,24,1026.6,24,1025.4,24,NA,0,3.4,24,5.1,NA,15.7,"*",2.8,NA,0.76,"G",NA,0,1,1,0,0,0,1.3,1.5,85.9
"956640-99999","WHYALLA","AS","AUSTRALIA","AU","AUS","",-33.059,137.514,12.49,19920801,20240909,2024-06-06,2024,6,6,158,12,24,9.4,24,1026.6,24,1025.4,24,NA,0,3.5,24,6.2,NA,15.7,"*",6.7,"*",0.25,"G",NA,0,0,0,0,0,0,1.2,1.4,84.1
"956640-99999","WHYALLA","AS","AUSTRALIA","AU","AUS","",-33.059,137.514,12.49,19920801,20240909,2024-06-07,2024,6,7,159,8.1,24,5.3,24,1023.1,24,1021.9,24,NA,0,2.8,24,4.6,NA,14.2,"*",3.4,"*",0,"G",NA,0,0,0,0,0,0,0.9,1.1,82.5
"956640-99999","WHYALLA","AS","AUSTRALIA","AU","AUS","",-33.059,137.514,12.49,19920801,20240909,2024-06-08,2024,6,8,160,9.3,24,6.2,24,1021.2,24,1020,24,NA,0,2.7,24,4.1,NA,14.9,NA,4.7,"*",0,"G",NA,0,0,0,0,0,0,0.9,1.2,81
"956640-99999","WHYALLA","AS","AUSTRALIA","AU","AUS","",-33.059,137.514,12.49,19920801,20240909,2024-06-09,2024,6,9,161,14.9,24,6.4,24,1021.4,24,1020.2,24,NA,0,3.5,24,5.1,NA,20.1,NA,4.3,NA,0.25,"G",NA,0,1,0,0,0,0,1,1.7,56.8
"956640-99999","WHYALLA","AS","AUSTRALIA","AU","AUS","",-33.059,137.514,12.49,19920801,20240909,2024-06-10,2024,6,10,162,18.3,24,5.8,24,1017.9,24,1016.7,24,NA,0,6.3,24,10.3,NA,22.1,NA,10.9,NA,0,"G",NA,0,0,0,0,0,0,0.9,2.1,43.9
"956640-99999","WHYALLA","AS","AUSTRALIA","AU","AUS","",-33.059,137.514,12.49,19920801,20240909,2024-06-11,2024,6,11,163,13.8,24,7.9,24,1019,24,1017.8,24,NA,0,4,24,7.7,NA,24.2,"*",8,"*",0,"I",NA,0,0,0,0,0,0,1.1,1.6,67.6
"956640-99999","WHYALLA","AS","AUSTRALIA","AU","AUS","",-33.059,137.514,12.49,19920801,20240909,2024-06-12,2024,6,12,164,13.4,24,11.2,24,1022.3,24,1021.1,24,NA,0,1.9,24,4.1,NA,16.5,"*",6.8,NA,0,"I",NA,0,0,0,0,0,0,1.3,1.5,86.5
"956640-99999","WHYALLA","AS","AUSTRALIA","AU","AUS","",-33.059,137.514,12.49,19920801,20240909,2024-06-13,2024,6,13,165,14.4,24,10.9,24,1017.6,24,1016.4,24,NA,0,3.2,24,6.2,NA,16.7,"*",9.2,NA,1.02,"G",NA,0,1,0,0,0,0,1.3,1.6,79.5
"956640-99999","WHYALLA","AS","AUSTRALIA","AU","AUS","",-33.059,137.514,12.49,19920801,20240909,2024-06-14,2024,6,14,166,15.3,24,10.1,24,1016.8,24,1015.6,24,NA,0,5.8,24,8.7,NA,21.2,"*",10.5,NA,0.51,"G",NA,0,1,0,0,0,0,1.2,1.7,71.1
"956640-99999","WHYALLA","AS","AUSTRALIA","AU","AUS","",-33.059,137.514,12.49,19920801,20240909,2024-06-15,2024,6,15,167,12.9,24,7.9,24,1021.9,24,1020.7,24,NA,0,5.2,24,8.7,NA,15.7,"*",9.6,"*",0,"G",NA,0,0,0,0,0,0,1.1,1.5,71.6
"956640-99999","WHYALLA","AS","AUSTRALIA","AU","AUS","",-33.059,137.514,12.49,19920801,20240909,2024-06-16,2024,6,16,168,7.8,24,4.2,24,1023.8,24,1022.6,24,NA,0,2.9,24,4.6,NA,14.2,"*",1.2,"*",0,"I",NA,0,0,0,0,0,0,0.8,1.1,78
"956640-99999","WHYALLA","AS","AUSTRALIA","AU","AUS","",-33.059,137.514,12.49,19920801,20240909,2024-06-17,2024,6,17,169,11.1,24,8.2,24,1020.1,24,1018.9,24,NA,0,2.2,24,4.6,NA,14.2,"*",1.3,NA,2.29,"G",NA,0,1,0,0,0,0,1.1,1.3,82.3
"956640-99999","WHYALLA","AS","AUSTRALIA","AU","AUS","",-33.059,137.514,12.49,19920801,20240909,2024-06-18,2024,6,18,170,12,24,7.1,24,1015.2,24,1014,24,NA,0,3.3,24,6.2,NA,17.6,"*",5.5,"*",0,"G",NA,0,0,0,0,0,0,1,1.4,72
"956640-99999","WHYALLA","AS","AUSTRALIA","AU","AUS","",-33.059,137.514,12.49,19920801,20240909,2024-06-19,2024,6,19,171,11.4,24,8,24,1013.4,24,1012.2,24,NA,0,5.4,24,9.8,NA,20.6,"*",5.3,NA,4.32,"G",NA,0,1,0,0,0,0,1.1,1.3,79.6
"956640-99999","WHYALLA","AS","AUSTRALIA","AU","AUS","",-33.059,137.514,12.49,19920801,20240909,2024-06-20,2024,6,20,172,10.8,24,8.6,24,1017.2,24,1016,24,NA,0,5.1,24,9.8,NA,14.7,"*",6.6,"*",3.05,"G",NA,0,1,0,0,0,0,1.1,1.3,86.3
"956640-99999","WHYALLA","AS","AUSTRALIA","AU","AUS","",-33.059,137.514,12.49,19920801,20240909,2024-06-21,2024,6,21,173,9.4,24,7.4,24,1028.7,24,1027.5,24,NA,0,2.9,24,5.1,NA,14.2,"*",4,"*",0.25,"G",NA,0,0,0,0,0,0,1,1.2,87.3
"956640-99999","WHYALLA","AS","AUSTRALIA","AU","AUS","",-33.059,137.514,12.49,19920801,20240909,2024-06-22,2024,6,22,174,7.3,24,3.4,24,1027.4,24,1026.2,24,NA,0,2.9,24,5.7,NA,14.1,"*",1,"*",0,"G",NA,0,0,0,0,0,0,0.8,1,76.3
"956640-99999","WHYALLA","AS","AUSTRALIA","AU","AUS","",-33.059,137.514,12.49,19920801,20240909,2024-06-23,2024,6,23,175,10.8,24,1.7,24,1018.7,24,1017.5,24,NA,0,6.3,24,9.3,NA,15,"*",0.9,NA,0,"I",NA,0,0,0,0,0,0,0.7,1.3,53.4
"956640-99999","WHYALLA","AS","AUSTRALIA","AU","AUS","",-33.059,137.514,12.49,19920801,20240909,2024-06-24,2024,6,24,176,11.4,24,5.4,24,1013,24,1011.8,24,NA,0,4.6,24,8.2,NA,17.6,"*",6.6,NA,NA,NA,NA,0,1,1,0,0,0,0.9,1.3,66.6
"956640-99999","WHYALLA","AS","AUSTRALIA","AU","AUS","",-33.059,137.514,12.49,19920801,20240909,2024-06-25,2024,6,25,177,10.3,24,6.5,24,1014,24,1012.8,24,NA,0,6,24,11.3,NA,15.7,"*",6,"*",1.52,"G",NA,0,1,1,0,0,0,1,1.3,77.3
"956640-99999","WHYALLA","AS","AUSTRALIA","AU","AUS","",-33.059,137.514,12.49,19920801,20240909,2024-06-26,2024,6,26,178,9.4,23,3.1,23,1019.4,23,1018.2,23,NA,0,4.2,23,7.7,NA,17.6,"*",2.7,"*",0,"G",NA,0,0,0,0,0,0,0.8,1.2,64.8
"956640-99999","WHYALLA","AS","AUSTRALIA","AU","AUS","",-33.059,137.514,12.49,19920801,20240909,2024-06-27,2024,6,27,179,13.7,24,1.5,24,1018.9,24,1017.7,24,NA,0,4.5,24,9.3,NA,20,"*",2.6,NA,0,"I",NA,0,0,0,0,0,0,0.7,1.6,43.5
"956640-99999","WHYALLA","AS","AUSTRALIA","AU","AUS","",-33.059,137.514,12.49,19920801,20240909,2024-06-28,2024,6,28,180,15.7,24,2.7,24,1015.3,24,1014.2,24,NA,0,5.8,24,11.3,NA,19.5,"*",6.6,NA,0.25,"G",NA,0,1,1,0,0,0,0.7,1.8,41.7
"956640-99999","WHYALLA","AS","AUSTRALIA","AU","AUS","",-33.059,137.514,12.49,19920801,20240909,2024-06-29,2024,6,29,181,11.4,24,7.6,24,1019.7,24,1018.5,24,NA,0,5.1,24,8.7,NA,14.5,"*",9.1,"*",1.27,"G",NA,0,1,0,0,0,0,1,1.3,77.5
"956640-99999","WHYALLA","AS","AUSTRALIA","AU","AUS","",-33.059,137.514,12.49,19920801,20240909,2024-06-30,2024,6,30,182,11.3,24,6.1,24,1027.8,24,1026.6,24,NA,0,4.3,24,6.2,NA,13.2,"*",8.9,NA,0,"G",NA,0,0,0,0,0,0,0.9,1.3,70.4
"956640-99999","WHYALLA","AS","AUSTRALIA","AU","AUS","",-33.059,137.514,12.49,19920801,20240909,2024-07-01,2024,7,1,183,9.1,24,4.5,24,1031.5,24,1030.3,24,NA,0,2.9,24,4.6,NA,12.7,"*",3,"*",0,"I",NA,0,0,0,0,0,0,0.8,1.2,72.9
"956640-99999","WHYALLA","AS","AUSTRALIA","AU","AUS","",-33.059,137.514,12.49,19920801,20240909,2024-07-02,2024,7,2,184,6.5,24,0.9,24,1032.7,24,1031.5,24,NA,0,3.2,24,5.7,NA,12.1,"*",-1.5,"*",0,"I",NA,0,0,0,0,0,0,0.7,1,67.4
"956640-99999","WHYALLA","AS","AUSTRALIA","AU","AUS","",-33.059,137.514,12.49,19920801,20240909,2024-07-03,2024,7,3,185,8.3,24,3.6,24,1032.5,24,1031.3,24,NA,0,2.7,24,4.6,NA,12.7,"*",-1.8,NA,0,"I",NA,0,0,0,0,0,0,0.8,1.1,72.3
"956640-99999","WHYALLA","AS","AUSTRALIA","AU","AUS","",-33.059,137.514,12.49,19920801,20240909,2024-07-04,2024,7,4,186,11.9,24,7.4,24,1031.6,24,1030.4,24,NA,0,4.2,24,7.7,NA,13.5,"*",2.4,NA,1.27,"G",NA,0,1,0,0,0,0,1,1.4,73.9
"956640-99999","WHYALLA","AS","AUSTRALIA","AU","AUS","",-33.059,137.514,12.49,19920801,20240909,2024-07-05,2024,7,5,187,14.6,24,6.2,24,1030.5,24,1029.3,24,NA,0,6.1,24,10.3,NA,17.5,"*",9.7,NA,0,"G",NA,0,0,0,0,0,0,0.9,1.7,57.1
"956640-99999","WHYALLA","AS","AUSTRALIA","AU","AUS","",-33.059,137.514,12.49,19920801,20240909,2024-07-06,2024,7,6,188,14.2,24,9.4,24,1024.6,24,1023.4,24,NA,0,3.9,24,7.7,NA,17.7,"*",11.7,NA,9.14,"G",NA,0,1,1,0,0,0,1.2,1.6,72.9
"956640-99999","WHYALLA","AS","AUSTRALIA","AU","AUS","",-33.059,137.514,12.49,19920801,20240909,2024-07-07,2024,7,7,189,12.1,24,10.3,24,1018.4,24,1017.2,24,NA,0,2.5,24,4.6,NA,15,"*",8.2,"*",0.51,"G",NA,0,0,0,0,0,0,1.3,1.4,88.8
"956640-99999","WHYALLA","AS","AUSTRALIA","AU","AUS","",-33.059,137.514,12.49,19920801,20240909,2024-07-08,2024,7,8,190,11.2,24,7.2,24,1021.2,24,1020,24,NA,0,3.3,24,6.2,NA,16.6,"*",6.1,"*",0,"G",NA,0,0,0,0,0,0,1,1.3,76.4
"956640-99999","WHYALLA","AS","AUSTRALIA","AU","AUS","",-33.059,137.514,12.49,19920801,20240909,2024-07-09,2024,7,9,191,9.6,24,7.8,24,1024.9,24,1023.7,24,NA,0,2.5,24,4.1,NA,15.7,"*",4,"*",0.25,"G",NA,0,0,0,0,0,0,1.1,1.2,88.5
"956640-99999","WHYALLA","AS","AUSTRALIA","AU","AUS","",-33.059,137.514,12.49,19920801,20240909,2024-07-10,2024,7,10,192,15.7,21,7.1,21,1017.2,21,1016,21,NA,0,8.7,21,10.8,NA,18.9,"*",3.6,NA,0,"G",NA,0,1,1,0,0,0,1,1.8,56.6
"956640-99999","WHYALLA","AS","AUSTRALIA","AU","AUS","",-33.059,137.514,12.49,19920801,20240909,2024-07-11,2024,7,11,193,10,24,8.6,24,1016.2,24,1015,24,NA,0,4.1,24,8.2,NA,16.2,"*",4.7,"*",5.84,"G",NA,0,1,0,0,0,0,1.1,1.2,91
"956640-99999","WHYALLA","AS","AUSTRALIA","AU","AUS","",-33.059,137.514,12.49,19920801,20240909,2024-07-12,2024,7,12,194,10.7,24,7.9,24,1019.9,24,1018.7,24,NA,0,3.2,24,5.1,NA,17,"*",4.6,NA,2.03,"G",NA,0,1,0,0,0,0,1.1,1.3,82.8
"956640-99999","WHYALLA","AS","AUSTRALIA","AU","AUS","",-33.059,137.514,12.49,19920801,20240909,2024-07-13,2024,7,13,195,10.6,22,8.2,22,1020.4,22,1019.2,22,NA,0,2.8,22,5.1,NA,16.2,"*",5.5,"*",0.51,"G",NA,0,1,1,0,0,0,1.1,1.3,85.1
"956640-99999","WHYALLA","AS","AUSTRALIA","AU","AUS","",-33.059,137.514,12.49,19920801,20240909,2024-07-14,2024,7,14,196,8.7,22,6.9,22,1018.8,22,1017.6,22,NA,0,2.6,22,4.6,NA,13.7,"*",4,"*",0,"G",NA,0,0,0,0,0,0,1,1.1,88.5
"956640-99999","WHYALLA","AS","AUSTRALIA","AU","AUS","",-33.059,137.514,12.49,19920801,20240909,2024-07-15,2024,7,15,197,10.3,24,7.6,24,1018.4,24,1017.2,24,NA,0,4.4,24,6.7,NA,14,"*",3.9,NA,0.51,"G",NA,0,1,1,0,0,0,1,1.3,83.3
"956640-99999","WHYALLA","AS","AUSTRALIA","AU","AUS","",-33.059,137.514,12.49,19920801,20240909,2024-07-16,2024,7,16,198,10.4,24,7.2,24,1020.4,24,1019.2,24,NA,0,5.2,24,9.8,NA,14.2,"*",7.5,"*",1.27,"G",NA,0,1,1,0,0,0,1,1.3,80.6
"956640-99999","WHYALLA","AS","AUSTRALIA","AU","AUS","",-33.059,137.514,12.49,19920801,20240909,2024-07-17,2024,7,17,199,9.4,24,6.4,24,1021.8,24,1020.6,24,NA,0,4.8,24,8.7,NA,14,"*",5,"*",0.51,"G",NA,0,1,0,0,0,0,1,1.2,81.5
"956640-99999","WHYALLA","AS","AUSTRALIA","AU","AUS","",-33.059,137.514,12.49,19920801,20240909,2024-07-18,2024,7,18,200,12.2,24,5.1,24,1017.1,24,1015.9,24,NA,0,6,24,9.8,NA,14.6,"*",5,NA,0,"G",NA,0,0,0,0,0,0,0.9,1.4,61.9
"956640-99999","WHYALLA","AS","AUSTRALIA","AU","AUS","",-33.059,137.514,12.49,19920801,20240909,2024-07-19,2024,7,19,201,11.4,24,5.2,24,1010.8,24,1009.6,24,NA,0,7.4,24,14.4,NA,15,"*",7.7,"*",1.52,"G",NA,0,1,0,0,0,0,0.9,1.3,65.7
"956640-99999","WHYALLA","AS","AUSTRALIA","AU","AUS","",-33.059,137.514,12.49,19920801,20240909,2024-07-20,2024,7,20,202,10.3,20,7.3,20,1022.4,20,1021.2,20,NA,0,4.2,20,8.2,NA,18,"*",6.5,"*",0.51,"G",NA,0,1,1,0,0,0,1,1.3,81.7
"956640-99999","WHYALLA","AS","AUSTRALIA","AU","AUS","",-33.059,137.514,12.49,19920801,20240909,2024-07-21,2024,7,21,203,10.9,24,4,24,1023.9,24,1022.7,24,NA,0,4.9,24,8.7,NA,18.7,"*",3.7,"*",0.25,"G",NA,0,0,0,0,0,0,0.8,1.3,62.4
"956640-99999","WHYALLA","AS","AUSTRALIA","AU","AUS","",-33.059,137.514,12.49,19920801,20240909,2024-07-22,2024,7,22,204,11.2,24,1.1,24,1023.7,24,1022.5,24,NA,0,4.5,24,7.2,NA,20.2,"*",3.5,NA,0,"G",NA,0,0,0,0,0,0,0.7,1.3,49.8
"956640-99999","WHYALLA","AS","AUSTRALIA","AU","AUS","",-33.059,137.514,12.49,19920801,20240909,2024-07-23,2024,7,23,205,16.2,24,2.8,24,1017.6,24,1016.4,24,NA,0,7.8,24,11.8,NA,21.2,"*",3.7,NA,0,"I",NA,0,0,0,0,0,0,0.7,1.8,40.6
"956640-99999","WHYALLA","AS","AUSTRALIA","AU","AUS","",-33.059,137.514,12.49,19920801,20240909,2024-07-24,2024,7,24,206,15.9,24,5.4,24,1010.3,24,1009.1,24,NA,0,7.3,24,13.9,NA,24.5,"*",8,"*",3.3,"G",NA,0,1,1,0,0,0,0.9,1.8,49.7
"956640-99999","WHYALLA","AS","AUSTRALIA","AU","AUS","",-33.059,137.514,12.49,19920801,20240909,2024-07-25,2024,7,25,207,11.2,24,6.2,24,1016.2,24,1015,24,NA,0,4.3,24,7.2,NA,19.2,"*",4.1,"*",0.25,"G",NA,0,0,0,0,0,0,0.9,1.3,71.3
"956640-99999","WHYALLA","AS","AUSTRALIA","AU","AUS","",-33.059,137.514,12.49,19920801,20240909,2024-07-26,2024,7,26,208,13.4,24,3.4,24,1018.3,24,1017.1,24,NA,0,5.3,24,10.3,NA,19.5,"*",4,NA,0,"G",NA,0,1,0,0,0,0,0.8,1.5,50.8
"956640-99999","WHYALLA","AS","AUSTRALIA","AU","AUS","",-33.059,137.514,12.49,19920801,20240909,2024-07-27,2024,7,27,209,8.3,24,2.5,24,1027.7,24,1026.5,24,NA,0,4.9,24,9.8,NA,14.7,"*",1.2,"*",0,"I",NA,0,0,0,0,0,0,0.7,1.1,66.9
"956640-99999","WHYALLA","AS","AUSTRALIA","AU","AUS","",-33.059,137.514,12.49,19920801,20240909,2024-07-28,2024,7,28,210,5.9,24,1.1,24,1031.2,24,1030,24,NA,0,2.1,24,5.1,NA,13,"*",-0.4,"*",0,"I",NA,0,0,0,0,0,0,0.7,0.9,71.3
"956640-99999","WHYALLA","AS","AUSTRALIA","AU","AUS","",-33.059,137.514,12.49,19920801,20240909,2024-07-29,2024,7,29,211,7.5,24,-1.4,24,1031.5,24,1030.3,24,NA,0,3.9,24,8.2,NA,16.5,"*",-1.2,"*",0,"I",NA,0,0,0,0,0,0,0.6,1,53.3
"956640-99999","WHYALLA","AS","AUSTRALIA","AU","AUS","",-33.059,137.514,12.49,19920801,20240909,2024-07-30,2024,7,30,212,8.1,24,-1.5,24,1032.7,24,1031.5,24,NA,0,3,24,5.1,NA,17.2,"*",-1.4,NA,0,"I",NA,0,0,0,0,0,0,0.5,1.1,50.8
"956640-99999","WHYALLA","AS","AUSTRALIA","AU","AUS","",-33.059,137.514,12.49,19920801,20240909,2024-07-31,2024,7,31,213,8.9,24,1.9,24,1031.2,24,1030,24,NA,0,3,24,5.7,NA,18,"*",0,NA,0,"I",NA,0,0,0,0,0,0,0.7,1.1,61.5
"956640-99999","WHYALLA","AS","AUSTRALIA","AU","AUS","",-33.059,137.514,12.49,19920801,20240909,2024-08-01,2024,8,1,214,12.8,24,-2.3,24,1024.9,24,1023.7,24,NA,0,5.2,24,9.8,NA,18.5,"*",1,NA,0,"I",NA,0,0,0,0,0,0,0.5,1.5,35
"956640-99999","WHYALLA","AS","AUSTRALIA","AU","AUS","",-33.059,137.514,12.49,19920801,20240909,2024-08-02,2024,8,2,215,13.2,24,4.7,24,1025.1,24,1023.9,24,NA,0,4.8,24,9.8,NA,21.1,"*",4.4,NA,0,"I",NA,0,0,0,0,0,0,0.9,1.5,56.4
"956640-99999","WHYALLA","AS","AUSTRALIA","AU","AUS","",-33.059,137.514,12.49,19920801,20240909,2024-08-03,2024,8,3,216,11.8,24,8.1,24,1026.7,24,1025.5,24,NA,0,4.6,24,7.2,NA,15,"*",4.9,NA,NA,NA,NA,0,1,0,0,0,0,1.1,1.4,78.1
"956640-99999","WHYALLA","AS","AUSTRALIA","AU","AUS","",-33.059,137.514,12.49,19920801,20240909,2024-08-04,2024,8,4,217,9.9,24,8.1,24,1023.5,24,1022.3,24,NA,0,2.9,24,6.7,NA,13.5,"*",4.1,"*",1.52,"G",NA,0,1,0,0,0,0,1.1,1.2,88.6
"956640-99999","WHYALLA","AS","AUSTRALIA","AU","AUS","",-33.059,137.514,12.49,19920801,20240909,2024-08-05,2024,8,5,218,8.6,24,6.2,24,1024.7,24,1023.5,24,NA,0,3.1,24,5.1,NA,14.5,"*",3.6,"*",0.25,"G",NA,0,0,0,0,0,0,0.9,1.1,84.9
"956640-99999","WHYALLA","AS","AUSTRALIA","AU","AUS","",-33.059,137.514,12.49,19920801,20240909,2024-08-06,2024,8,6,219,10.4,24,4.8,24,1024.8,24,1023.6,24,NA,0,3.3,24,5.1,NA,19.5,"*",3.1,NA,0.25,"G",NA,0,0,0,0,0,0,0.9,1.3,68.3
"956640-99999","WHYALLA","AS","AUSTRALIA","AU","AUS","",-33.059,137.514,12.49,19920801,20240909,2024-08-07,2024,8,7,220,14.4,24,4.2,24,1021.1,24,1019.9,24,NA,0,6.4,24,8.8,NA,19.5,"*",3.5,NA,0,"G",NA,0,0,0,0,0,0,0.8,1.6,50.3
"956640-99999","WHYALLA","AS","AUSTRALIA","AU","AUS","",-33.059,137.514,12.49,19920801,20240909,2024-08-08,2024,8,8,221,11.9,24,6.9,24,1022.3,24,1021.1,24,NA,0,4.8,24,10.8,NA,18.1,"*",5.6,"*",0.25,"G",NA,0,1,0,0,0,0,1,1.4,71.5
"956640-99999","WHYALLA","AS","AUSTRALIA","AU","AUS","",-33.059,137.514,12.49,19920801,20240909,2024-08-09,2024,8,9,222,12.2,24,9.4,24,1026.2,24,1025,24,NA,0,4.9,24,7.7,NA,16.5,"*",5.4,NA,0,"G",NA,0,0,0,0,0,0,1.2,1.4,83
"956640-99999","WHYALLA","AS","AUSTRALIA","AU","AUS","",-33.059,137.514,12.49,19920801,20240909,2024-08-10,2024,8,10,223,10.7,24,6.7,24,1027.6,24,1026.4,24,NA,0,3.3,24,5.7,NA,18,"*",3,"*",0.25,"G",NA,0,0,0,0,0,0,1,1.3,76.3
"956640-99999","WHYALLA","AS","AUSTRALIA","AU","AUS","",-33.059,137.514,12.49,19920801,20240909,2024-08-11,2024,8,11,224,13.5,22,5.9,22,1024.5,22,1023.3,22,NA,0,2.9,22,5.7,NA,20,"*",2.8,NA,0,"G",NA,0,0,0,0,0,0,0.9,1.5,60.1
"956640-99999","WHYALLA","AS","AUSTRALIA","AU","AUS","",-33.059,137.514,12.49,19920801,20240909,2024-08-13,2024,8,13,226,19,24,4.6,24,1017.8,24,1016.6,24,NA,0,5.3,24,9.8,NA,26.5,"*",10.4,NA,0,"I",NA,0,0,0,0,0,0,0.8,2.2,38.7
"956640-99999","WHYALLA","AS","AUSTRALIA","AU","AUS","",-33.059,137.514,12.49,19920801,20240909,2024-08-14,2024,8,14,227,20.3,24,8.3,24,1013.8,24,1012.6,24,NA,0,5.3,24,13.4,NA,27.2,"*",10.8,NA,0.51,"G",NA,0,0,0,0,0,0,1.1,2.4,46
"956640-99999","WHYALLA","AS","AUSTRALIA","AU","AUS","",-33.059,137.514,12.49,19920801,20240909,2024-08-15,2024,8,15,228,19.3,24,8.9,24,1009.7,24,1008.5,24,NA,0,7.6,24,13.9,NA,28.5,"*",11.7,"*",7.62,"G",NA,0,1,0,0,0,0,1.1,2.2,51
"956640-99999","WHYALLA","AS","AUSTRALIA","AU","AUS","",-33.059,137.514,12.49,19920801,20240909,2024-08-16,2024,8,16,229,13.4,24,8.1,24,1014.2,24,1013,24,NA,0,5.7,24,9.8,NA,18.7,"*",8,"*",0,"G",NA,0,0,0,0,0,0,1.1,1.5,70.3
"956640-99999","WHYALLA","AS","AUSTRALIA","AU","AUS","",-33.059,137.514,12.49,19920801,20240909,2024-08-17,2024,8,17,230,13.7,24,8.4,24,1017.6,24,1016.4,24,NA,0,4.4,24,9.3,NA,19,"*",7.6,NA,0,"I",NA,0,0,0,0,0,0,1.1,1.6,70.4
"956640-99999","WHYALLA","AS","AUSTRALIA","AU","AUS","",-33.059,137.514,12.49,19920801,20240909,2024-08-18,2024,8,18,231,13.8,24,7.5,24,1016,24,1014.8,24,NA,0,3.9,24,6.2,NA,17.5,"*",8.4,NA,0,"I",NA,0,0,0,0,0,0,1,1.6,65.7
"956640-99999","WHYALLA","AS","AUSTRALIA","AU","AUS","",-33.059,137.514,12.49,19920801,20240909,2024-08-19,2024,8,19,232,15.5,24,6.5,24,1010,24,1008.8,24,NA,0,4.3,24,8.7,NA,21.1,"*",8.5,"*",0.76,"G",NA,0,1,1,1,0,0,1,1.8,55
"956640-99999","WHYALLA","AS","AUSTRALIA","AU","AUS","",-33.059,137.514,12.49,19920801,20240909,2024-08-20,2024,8,20,233,15.2,23,8.8,23,1015.6,23,1014.4,23,NA,0,4.5,23,10.8,NA,20.7,"*",8,NA,0,"G",NA,0,0,0,0,0,0,1.1,1.7,65.6
"956640-99999","WHYALLA","AS","AUSTRALIA","AU","AUS","",-33.059,137.514,12.49,19920801,20240909,2024-08-21,2024,8,21,234,14.4,24,9.3,24,1018.8,24,1017.6,24,NA,0,3,24,6.2,NA,19.7,"*",7.5,"*",0,"I",NA,0,0,0,0,0,0,1.2,1.6,71.4
"956640-99999","WHYALLA","AS","AUSTRALIA","AU","AUS","",-33.059,137.514,12.49,19920801,20240909,2024-08-22,2024,8,22,235,17.2,24,8.4,24,1016.6,24,1015.4,24,NA,0,3.4,24,8.7,NA,23.7,"*",7.3,NA,0,"I",NA,0,0,0,0,0,0,1.1,2,56.2
"956640-99999","WHYALLA","AS","AUSTRALIA","AU","AUS","",-33.059,137.514,12.49,19920801,20240909,2024-08-23,2024,8,23,236,20.5,24,6.7,24,1010.5,24,1009.3,24,NA,0,6.1,24,14.4,NA,31.7,"*",8,"*",0,"I",NA,0,0,0,0,0,0,1,2.4,40.7
"956640-99999","WHYALLA","AS","AUSTRALIA","AU","AUS","",-33.059,137.514,12.49,19920801,20240909,2024-08-24,2024,8,24,237,20.8,24,11.3,24,1009.7,24,1008.5,24,NA,0,3.8,24,8.2,NA,25.2,"*",7.8,NA,0,"I",NA,0,0,0,0,0,0,1.3,2.5,54.5
"956640-99999","WHYALLA","AS","AUSTRALIA","AU","AUS","",-33.059,137.514,12.49,19920801,20240909,2024-08-25,2024,8,25,238,17.2,24,6.4,24,1016.7,24,1015.5,24,NA,0,6.7,24,14.9,NA,24.1,"*",12,"*",0,"I",NA,0,0,0,0,0,0,1,2,49
"956640-99999","WHYALLA","AS","AUSTRALIA","AU","AUS","",-33.059,137.514,12.49,19920801,20240909,2024-08-26,2024,8,26,239,13.4,24,6.9,24,1020.1,24,1018.9,24,NA,0,4,24,9.3,NA,18.6,"*",8.2,"*",0,"I",NA,0,0,0,0,0,0,1,1.5,64.8
"956640-99999","WHYALLA","AS","AUSTRALIA","AU","AUS","",-33.059,137.514,12.49,19920801,20240909,2024-08-27,2024,8,27,240,20.1,24,5.3,24,1012.9,24,1011.7,24,NA,0,7.3,24,12.9,NA,28.2,"*",7.4,NA,0,"I",NA,0,0,0,0,0,0,0.9,2.3,37.9
"956640-99999","WHYALLA","AS","AUSTRALIA","AU","AUS","",-33.059,137.514,12.49,19920801,20240909,2024-08-28,2024,8,28,241,12.4,24,6.3,24,1017.8,24,1016.6,24,NA,0,3.9,24,7.2,NA,20.7,"*",4.7,"*",0,"I",NA,0,0,0,0,0,0,1,1.4,66.3
"956640-99999","WHYALLA","AS","AUSTRALIA","AU","AUS","",-33.059,137.514,12.49,19920801,20240909,2024-08-29,2024,8,29,242,22.3,24,7.7,24,1006.7,24,1005.5,24,NA,0,6.8,24,12.3,NA,28.2,"*",14.2,"*",0,"I",NA,0,0,0,0,0,0,1,2.7,39.1
"956640-99999","WHYALLA","AS","AUSTRALIA","AU","AUS","",-33.059,137.514,12.49,19920801,20240909,2024-08-30,2024,8,30,243,17.1,24,6,24,1009.2,24,1008,24,NA,0,7,24,10.3,NA,23.1,"*",12,"*",NA,NA,NA,0,1,0,0,0,0,0.9,1.9,48
"956640-99999","WHYALLA","AS","AUSTRALIA","AU","AUS","",-33.059,137.514,12.49,19920801,20240909,2024-08-31,2024,8,31,244,16.7,24,4.4,24,1012.5,24,1011.3,24,NA,0,6,24,9.8,NA,23.2,"*",11,"*",0,"I",NA,0,0,0,0,0,0,0.8,1.9,44.1
"956640-99999","WHYALLA","AS","AUSTRALIA","AU","AUS","",-33.059,137.514,12.49,19920801,20240909,2024-09-01,2024,9,1,245,18.3,24,4,24,1015.4,24,1014.2,24,NA,0,7.2,24,10.8,NA,25.5,"*",8.2,"*",0.51,"G",NA,0,1,0,0,0,0,0.8,2.1,38.7
"956640-99999","WHYALLA","AS","AUSTRALIA","AU","AUS","",-33.059,137.514,12.49,19920801,20240909,2024-09-02,2024,9,2,246,11,24,3.6,24,1030,24,1028.8,24,NA,0,4.9,24,9.3,NA,17,"*",2.2,"*",0,"G",NA,0,0,0,0,0,0,0.8,1.3,60.3
"956640-99999","WHYALLA","AS","AUSTRALIA","AU","AUS","",-33.059,137.514,12.49,19920801,20240909,2024-09-03,2024,9,3,247,16.3,24,-2.3,24,1024,24,1022.8,24,NA,0,4.8,24,11.8,NA,23.2,"*",2,NA,0,"I",NA,0,0,0,0,0,0,0.5,1.8,27.9
"956640-99999","WHYALLA","AS","AUSTRALIA","AU","AUS","",-33.059,137.514,12.49,19920801,20240909,2024-09-04,2024,9,4,248,24.7,24,-5.8,24,1012.5,24,1011.3,24,NA,0,9.6,24,13.9,NA,27.7,"*",20.2,"*",0,"I",NA,0,0,0,0,0,0,0.4,3.1,12.8
"956640-99999","WHYALLA","AS","AUSTRALIA","AU","AUS","",-33.059,137.514,12.49,19920801,20240909,2024-09-05,2024,9,5,249,27.8,24,3.1,24,1008.4,24,1007.2,24,NA,0,9.6,24,14.4,NA,34.5,"*",16.2,"*",0,"I",NA,0,0,0,0,0,0,0.8,3.7,20.5
"956640-99999","WHYALLA","AS","AUSTRALIA","AU","AUS","",-33.059,137.514,12.49,19920801,20240909,2024-09-06,2024,9,6,250,11.8,24,9.7,24,1022.6,24,1021.4,24,NA,0,2.8,24,5.1,NA,18,"*",5.2,"*",1.02,"G",NA,0,1,0,0,0,0,1.2,1.4,87
"956640-99999","WHYALLA","AS","AUSTRALIA","AU","AUS","",-33.059,137.514,12.49,19920801,20240909,2024-09-07,2024,9,7,251,11.9,24,5.7,24,1025.9,24,1024.7,24,NA,0,3.5,24,6.2,NA,18.6,"*",4.9,NA,0,"G",NA,0,0,0,0,0,0,0.9,1.4,65.8
"956640-99999","WHYALLA","AS","AUSTRALIA","AU","AUS","",-33.059,137.514,12.49,19920801,20240909,2024-09-08,2024,9,8,252,15.9,24,6.8,24,1023.7,24,1022.4,24,NA,0,3.4,24,6.7,NA,23.1,"*",5.8,NA,0,"I",NA,0,0,0,0,0,0,1,1.8,54.7
"956640-99999","WHYALLA","AS","AUSTRALIA","AU","AUS","",-33.059,137.514,12.49,19920801,20240909,2024-09-09,2024,9,9,253,12.4,24,8.2,24,1022.9,24,1021.6,24,NA,0,3.2,24,6.2,NA,17.2,"*",6.1,"*",0,"I",NA,0,0,0,0,0,0,1.1,1.4,75.6
"956640-99999","WHYALLA","AS","AUSTRALIA","AU","AUS","",-33.059,137.514,12.49,19920801,20240909,2024-09-10,2024,9,10,254,17.1,24,9.1,24,1021.6,24,1020.4,24,NA,0,3.8,24,6.2,NA,25.5,"*",5.9,NA,0,"I",NA,0,0,0,0,0,0,1.2,1.9,59.3
"956640-99999","WHYALLA","AS","AUSTRALIA","AU","AUS","",-33.059,137.514,12.49,19920801,20240909,2024-09-11,2024,9,11,255,14.3,24,7.9,24,1029.9,24,1028.7,24,NA,0,7.6,24,11.8,NA,17.6,"*",11.1,"*",0,"I",NA,0,0,0,0,0,0,1.1,1.6,65.4
"956640-99999","WHYALLA","AS","AUSTRALIA","AU","AUS","",-33.059,137.514,12.49,19920801,20240909,2024-09-12,2024,9,12,256,13.1,24,6.5,24,1032.8,24,1031.7,24,NA,0,6.2,24,9.3,NA,16.5,"*",10,"*",0,"I",NA,0,0,0,0,0,0,1,1.5,64.3
"956640-99999","WHYALLA","AS","AUSTRALIA","AU","AUS","",-33.059,137.514,12.49,19920801,20240909,2024-09-13,2024,9,13,257,13.7,18,7.2,18,1031.2,18,1030,18,NA,0,6.3,18,8.2,NA,16.1,"*",9.8,NA,0,"I",NA,0,0,0,0,0,0,1,1.6,64.8
"956640-99999","WHYALLA","AS","AUSTRALIA","AU","AUS","",-33.059,137.514,12.49,19920801,20240909,2024-09-14,2024,9,14,258,12.3,24,4.4,24,1031.4,24,1030.2,24,NA,0,9,24,11.3,NA,17,"*",7.6,"*",0,"I",NA,0,0,0,0,0,0,0.8,1.4,58.5
"956640-99999","WHYALLA","AS","AUSTRALIA","AU","AUS","",-33.059,137.514,12.49,19920801,20240909,2024-09-15,2024,9,15,259,12.8,24,3.1,24,1033.9,24,1032.7,24,NA,0,6.6,24,8.7,NA,17,"*",7.6,NA,0,"I",NA,0,0,0,0,0,0,0.8,1.5,51.7
"956640-99999","WHYALLA","AS","AUSTRALIA","AU","AUS","",-33.059,137.514,12.49,19920801,20240909,2024-09-16,2024,9,16,260,10.6,24,4.9,24,1031.9,24,1030.7,24,NA,0,5.1,24,9.8,NA,16,"*",1.2,"*",0,"I",NA,0,0,0,0,0,0,0.9,1.3,67.8
"956640-99999","WHYALLA","AS","AUSTRALIA","AU","AUS","",-33.059,137.514,12.49,19920801,20240909,2024-09-17,2024,9,17,261,12.4,24,-1.7,24,1023.2,24,1022,24,NA,0,3.8,24,7.7,NA,20.5,"*",1,NA,0,"I",NA,0,0,0,0,0,0,0.5,1.4,37.5
"956640-99999","WHYALLA","AS","AUSTRALIA","AU","AUS","",-33.059,137.514,12.49,19920801,20240909,2024-09-18,2024,9,18,262,15.7,24,-2.6,24,1015.3,24,1014.1,24,NA,0,4.8,24,9.3,NA,27.6,"*",2.5,NA,0,"A",NA,0,0,0,0,0,0,0.5,1.8,28.4
"956640-99999","WHYALLA","AS","AUSTRALIA","AU","AUS","",-33.059,137.514,12.49,19920801,20240909,2024-09-19,2024,9,19,263,11.7,24,5.8,24,1017.6,24,1016.4,24,NA,0,5.7,24,10.3,NA,17.2,"*",3.7,"*",0,"I",NA,0,0,0,0,0,0,0.9,1.4,67.1
"956640-99999","WHYALLA","AS","AUSTRALIA","AU","AUS","",-33.059,137.514,12.49,19920801,20240909,2024-09-20,2024,9,20,264,13.6,24,7.7,24,1016.1,24,1014.9,24,NA,0,3.4,24,5.1,NA,20.1,"*",3.5,NA,0,"I",NA,0,0,0,0,0,0,1,1.6,67.5
"956640-99999","WHYALLA","AS","AUSTRALIA","AU","AUS","",-33.059,137.514,12.49,19920801,20240909,2024-09-21,2024,9,21,265,13.2,24,6.9,24,1017.9,24,1016.7,24,NA,0,3.7,24,6.2,NA,22,"*",5.5,"*",0,"I",NA,0,0,0,0,0,0,1,1.5,65.6
"956640-99999","WHYALLA","AS","AUSTRALIA","AU","AUS","",-33.059,137.514,12.49,19920801,20240909,2024-09-22,2024,9,22,266,12.8,24,7.2,24,1019.5,24,1018.3,24,NA,0,3.6,24,7.2,NA,18.7,"*",5.1,NA,0,"I",NA,0,0,0,0,0,0,1,1.5,68.8
"956640-99999","WHYALLA","AS","AUSTRALIA","AU","AUS","",-33.059,137.514,12.49,19920801,20240909,2024-09-23,2024,9,23,267,16.7,24,10.3,24,1015.9,24,1014.7,24,NA,0,3.5,24,5.7,NA,22.5,"*",5.4,NA,0,"I",NA,0,0,0,0,0,0,1.3,1.9,65.9
"956640-99999","WHYALLA","AS","AUSTRALIA","AU","AUS","",-33.059,137.514,12.49,19920801,20240909,2024-09-24,2024,9,24,268,16.2,24,12.6,24,1012,24,1010.8,24,NA,0,3.6,24,7.7,NA,23.6,"*",13.5,"*",3.05,"G",NA,1,1,1,0,0,0,1.5,1.8,79.2
"956640-99999","WHYALLA","AS","AUSTRALIA","AU","AUS","",-33.059,137.514,12.49,19920801,20240909,2024-09-25,2024,9,25,269,13.7,24,7.5,24,1020.7,24,1019.5,24,NA,0,8.5,24,11.3,NA,18.6,"*",10,"*",0,"G",NA,0,0,0,0,0,0,1,1.6,66.2
"956640-99999","WHYALLA","AS","AUSTRALIA","AU","AUS","",-33.059,137.514,12.49,19920801,20240909,2024-09-26,2024,9,26,270,11.3,24,3.6,24,1026.4,24,1025.2,24,NA,0,4.6,24,8.7,NA,17.2,"*",2.2,"*",0,"I",NA,0,0,0,0,0,0,0.8,1.3,59.1
"956640-99999","WHYALLA","AS","AUSTRALIA","AU","AUS","",-33.059,137.514,12.49,19920801,20240909,2024-09-27,2024,9,27,271,17.8,24,-0.7,24,1020.3,24,1019.1,24,NA,0,4.6,24,11.3,NA,24.5,"*",2.1,NA,0,"I",NA,0,0,0,0,0,0,0.6,2,28.5
"956640-99999","WHYALLA","AS","AUSTRALIA","AU","AUS","",-33.059,137.514,12.49,19920801,20240909,2024-09-28,2024,9,28,272,18.2,23,8.6,23,1016.2,23,1015,23,NA,0,7.2,23,15.4,NA,22.7,"*",8.6,NA,3.81,"G",NA,0,1,1,0,0,0,1.1,2.1,53.5
"956640-99999","WHYALLA","AS","AUSTRALIA","AU","AUS","",-33.059,137.514,12.49,19920801,20240909,2024-09-29,2024,9,29,273,12.5,24,6.9,24,1024.3,24,1023.1,24,NA,0,4.1,24,6.7,NA,17.7,"*",5.2,"*",0,"G",NA,0,0,0,0,0,0,1,1.4,68.7
"956640-99999","WHYALLA","AS","AUSTRALIA","AU","AUS","",-33.059,137.514,12.49,19920801,20240909,2024-09-30,2024,9,30,274,14.2,24,8.7,24,1026,24,1024.8,24,NA,0,3.5,24,5.7,NA,18.5,"*",5,NA,0,"I",NA,0,0,0,0,0,0,1.1,1.6,69.5
"956640-99999","WHYALLA","AS","AUSTRALIA","AU","AUS","",-33.059,137.514,12.49,19920801,20240909,2024-10-01,2024,10,1,275,14.6,24,9.1,24,1025.8,24,1024.6,24,NA,0,4,24,7.2,NA,20,"*",7.3,NA,0,"I",NA,0,0,0,0,0,0,1.2,1.7,69.6
"956640-99999","WHYALLA","AS","AUSTRALIA","AU","AUS","",-33.059,137.514,12.49,19920801,20240909,2024-10-02,2024,10,2,276,20.3,24,4.3,24,1020.2,24,1019,24,NA,0,4.2,24,7.7,NA,25.7,"*",6.9,NA,0,"A",NA,0,0,0,0,0,0,0.8,2.4,34.9
"956640-99999","WHYALLA","AS","AUSTRALIA","AU","AUS","",-33.059,137.514,12.49,19920801,20240909,2024-10-03,2024,10,3,277,20.2,24,6.6,24,1011.5,24,1010.3,24,NA,0,6.3,24,12.9,NA,26.7,"*",11.5,NA,NA,NA,NA,0,1,1,0,0,0,1,2.4,41.2
"956640-99999","WHYALLA","AS","AUSTRALIA","AU","AUS","",-33.059,137.514,12.49,19920801,20240909,2024-10-04,2024,10,4,278,16.9,24,6.8,24,1012,24,1010.8,24,NA,0,5.1,24,11.3,NA,24.2,"*",8.7,"*",0,"I",NA,0,0,0,0,0,0,1,1.9,51.4
"956640-99999","WHYALLA","AS","AUSTRALIA","AU","AUS","",-33.059,137.514,12.49,19920801,20240909,2024-10-05,2024,10,5,279,18.4,24,9.1,24,1014.4,24,1013.2,24,NA,0,5.8,24,12.3,NA,24.2,"*",8.6,NA,0,"I",NA,0,0,0,0,0,0,1.2,2.1,54.6
"956640-99999","WHYALLA","AS","AUSTRALIA","AU","AUS","",-33.059,137.514,12.49,19920801,20240909,2024-10-06,2024,10,6,280,17.7,24,10.7,24,1017.6,24,1016.4,24,NA,0,3.7,24,7.2,NA,26,"*",10.2,"*",0,"I",NA,0,0,0,0,0,0,1.3,2,63.6
"956640-99999","WHYALLA","AS","AUSTRALIA","AU","AUS","",-33.059,137.514,12.49,19920801,20240909,2024-10-07,2024,10,7,281,16.9,24,11.8,24,1022.3,24,1021.1,24,NA,0,6.9,24,10.8,NA,21.1,"*",10.2,NA,0,"I",NA,0,0,0,0,0,0,1.4,1.9,71.9
"956640-99999","WHYALLA","AS","AUSTRALIA","AU","AUS","",-33.059,137.514,12.49,19920801,20240909,2024-10-08,2024,10,8,282,14.2,24,5.9,24,1023.3,24,1022.1,24,NA,0,4.8,24,10.3,NA,20.6,"*",6.1,"*",0,"I",NA,0,0,0,0,0,0,0.9,1.6,57.4
"956640-99999","WHYALLA","AS","AUSTRALIA","AU","AUS","",-33.059,137.514,12.49,19920801,20240909,2024-10-09,2024,10,9,283,21.9,24,0.3,24,1018.4,24,1017.2,24,NA,0,5.9,24,10.8,NA,31.2,"*",15.6,"*",0,"I",NA,0,0,0,0,0,0,0.6,2.6,23.8
"956640-99999","WHYALLA","AS","AUSTRALIA","AU","AUS","",-33.059,137.514,12.49,19920801,20240909,2024-10-10,2024,10,10,284,15.6,24,7.8,24,1025.4,24,1024.2,24,NA,0,8.6,24,11.8,NA,19.5,"*",12.2,"*",0,"I",NA,0,0,0,0,0,0,1.1,1.8,59.7
"956640-99999","WHYALLA","AS","AUSTRALIA","AU","AUS","",-33.059,137.514,12.49,19920801,20240909,2024-10-11,2024,10,11,285,15.7,24,8.6,24,1026.4,24,1025.2,24,NA,0,6.5,24,11.3,NA,18.7,"*",12.1,NA,0,"I",NA,0,0,0,0,0,0,1.1,1.8,62.7
"956640-99999","WHYALLA","AS","AUSTRALIA","AU","AUS","",-33.059,137.514,12.49,19920801,20240909,2024-10-12,2024,10,12,286,18.6,24,6.5,24,1019.6,24,1018.4,24,NA,0,2.7,24,5.7,NA,24.7,"*",12.4,NA,0,"I",NA,0,0,0,0,0,0,1,2.1,45.2
"956640-99999","WHYALLA","AS","AUSTRALIA","AU","AUS","",-33.059,137.514,12.49,19920801,20240909,2024-10-13,2024,10,13,287,22.1,24,6.1,24,1013.9,24,1012.7,24,NA,0,3,24,7.2,NA,30.5,"*",13.7,"*",0,"I",NA,0,0,0,0,0,0,0.9,2.7,35.4
"956640-99999","WHYALLA","AS","AUSTRALIA","AU","AUS","",-33.059,137.514,12.49,19920801,20240909,2024-10-14,2024,10,14,288,24.9,24,11.7,24,1011.2,24,1010,24,NA,0,6.2,24,11.8,NA,35.1,"*",13.5,NA,4.83,"G",NA,0,1,1,0,0,0,1.4,3.1,43.7
"956640-99999","WHYALLA","AS","AUSTRALIA","AU","AUS","",-33.059,137.514,12.49,19920801,20240909,2024-10-15,2024,10,15,289,23.8,24,13.8,24,1010.3,24,1009.1,24,NA,0,5.1,24,11.3,NA,31.7,"*",17.6,NA,0.51,"G",NA,0,1,1,1,0,0,1.6,2.9,53.5
"956640-99999","WHYALLA","AS","AUSTRALIA","AU","AUS","",-33.059,137.514,12.49,19920801,20240909,2024-10-16,2024,10,16,290,26.1,24,12.8,24,1006.3,24,1005.1,24,NA,0,4.8,24,7.7,NA,36.6,"*",17.5,NA,0,"G",NA,0,0,0,0,0,0,1.5,3.4,43.7
"956640-99999","WHYALLA","AS","AUSTRALIA","AU","AUS","",-33.059,137.514,12.49,19920801,20240909,2024-10-17,2024,10,17,291,19.7,24,16.4,24,1003.9,24,1002.8,24,NA,0,5.6,24,11.8,NA,24.5,"*",17.1,"*",NA,NA,NA,0,1,0,1,0,0,1.9,2.3,81.3
"956640-99999","WHYALLA","AS","AUSTRALIA","AU","AUS","",-33.059,137.514,12.49,19920801,20240909,2024-10-18,2024,10,18,292,16,24,11.1,24,1016.5,24,1015.3,24,NA,0,6.3,24,10.3,NA,20,"*",12.5,"*",0,"I",NA,0,0,0,0,0,0,1.3,1.8,72.7
"956640-99999","WHYALLA","AS","AUSTRALIA","AU","AUS","",-33.059,137.514,12.49,19920801,20240909,2024-10-19,2024,10,19,293,17.3,24,11.4,24,1021.3,24,1020.1,24,NA,0,4.3,24,7.7,NA,21.5,"*",12.1,NA,0,"I",NA,0,0,0,0,0,0,1.3,2,68.3
"956640-99999","WHYALLA","AS","AUSTRALIA","AU","AUS","",-33.059,137.514,12.49,19920801,20240909,2024-10-20,2024,10,20,294,19.1,24,11.3,24,1018.7,24,1017.5,24,NA,0,3.1,24,5.7,NA,26.1,"*",11.5,"*",0,"I",NA,0,0,0,0,0,0,1.3,2.2,60.6
"956640-99999","WHYALLA","AS","AUSTRALIA","AU","AUS","",-33.059,137.514,12.49,19920801,20240909,2024-10-21,2024,10,21,295,25.8,24,5.8,24,1013,24,1011.8,24,NA,0,5.1,24,8.2,NA,34.1,"*",11.4,NA,0,"I",NA,0,0,0,0,0,0,0.9,3.3,27.8
"956640-99999","WHYALLA","AS","AUSTRALIA","AU","AUS","",-33.059,137.514,12.49,19920801,20240909,2024-10-22,2024,10,22,296,17.1,24,13.5,24,1015.7,24,1014.5,24,NA,0,5.1,24,8.7,NA,20,"*",15,"*",0.25,"G",NA,0,1,1,0,0,0,1.5,1.9,79.4
"956640-99999","WHYALLA","AS","AUSTRALIA","AU","AUS","",-33.059,137.514,12.49,19920801,20240909,2024-10-23,2024,10,23,297,16.7,24,8.5,24,1018,24,1016.9,24,NA,0,7.1,24,10.8,NA,20.2,"*",13.1,"*",0,"G",NA,0,1,0,0,0,0,1.1,1.9,58.4
"956640-99999","WHYALLA","AS","AUSTRALIA","AU","AUS","",-33.059,137.514,12.49,19920801,20240909,2024-10-24,2024,10,24,298,15.5,24,5.9,24,1022,24,1020.8,24,NA,0,5.5,24,9.3,NA,19.7,"*",7.5,"*",0.25,"G",NA,0,0,0,0,0,0,0.9,1.8,52.8
"956640-99999","WHYALLA","AS","AUSTRALIA","AU","AUS","",-33.059,137.514,12.49,19920801,20240909,2024-10-25,2024,10,25,299,16.9,24,6.4,24,1018.5,24,1017.3,24,NA,0,3.6,24,8.2,NA,24,"*",7.3,NA,0,"G",NA,0,0,0,0,0,0,1,1.9,50
"956640-99999","WHYALLA","AS","AUSTRALIA","AU","AUS","",-33.059,137.514,12.49,19920801,20240909,2024-10-26,2024,10,26,300,22.2,23,2.3,23,1014.2,23,1013,23,NA,0,5.1,23,9.8,NA,30.1,"*",9.7,NA,0,"I",NA,0,0,0,0,0,0,0.7,2.7,27
"956640-99999","WHYALLA","AS","AUSTRALIA","AU","AUS","",-33.059,137.514,12.49,19920801,20240909,2024-10-27,2024,10,27,301,18.4,24,10.7,24,1020.6,24,1019.4,24,NA,0,7.8,24,12.9,NA,25,"*",10.6,NA,0,"I",NA,0,0,0,0,0,0,1.3,2.1,60.8
"956640-99999","WHYALLA","AS","AUSTRALIA","AU","AUS","",-33.059,137.514,12.49,19920801,20240909,2024-10-28,2024,10,28,302,17.8,24,10.7,24,1025.2,24,1024,24,NA,0,6.7,24,10.8,NA,22.1,"*",14.3,NA,0,"I",NA,0,0,0,0,0,0,1.3,2,63.2
"956640-99999","WHYALLA","AS","AUSTRALIA","AU","AUS","",-33.059,137.514,12.49,19920801,20240909,2024-10-29,2024,10,29,303,19.4,24,10.2,24,1021.9,24,1020.7,24,NA,0,3.8,24,6.2,NA,25.7,"*",12.5,"*",0,"I",NA,0,0,0,0,0,0,1.2,2.2,55.3
"956640-99999","WHYALLA","AS","AUSTRALIA","AU","AUS","",-33.059,137.514,12.49,19920801,20240909,2024-10-30,2024,10,30,304,20.7,24,11.7,24,1015.6,24,1014.4,24,NA,0,5.9,24,9.8,NA,25.7,"*",11.6,NA,0,"I",NA,0,0,0,0,0,0,1.4,2.4,56.3
"956640-99999","WHYALLA","AS","AUSTRALIA","AU","AUS","",-33.059,137.514,12.49,19920801,20240909,2024-10-31,2024,10,31,305,18.2,24,11.8,24,1017,24,1015.8,24,NA,0,7.7,24,10.8,NA,23.7,"*",14.6,"*",0,"I",NA,0,0,0,0,0,0,1.4,2.1,66.2
"956640-99999","WHYALLA","AS","AUSTRALIA","AU","AUS","",-33.059,137.514,12.49,19920801,20240909,2024-11-01,2024,11,1,306,16.9,24,8.8,24,1016.8,24,1015.6,24,NA,0,4.4,24,7.7,NA,25.2,"*",10,"*",0,"I",NA,0,0,0,0,0,0,1.1,1.9,58.9
"956640-99999","WHYALLA","AS","AUSTRALIA","AU","AUS","",-33.059,137.514,12.49,19920801,20240909,2024-11-02,2024,11,2,307,27.5,24,7,24,1009.2,24,1008.1,24,NA,0,8.6,24,12.3,NA,37,"*",18.1,"*",0,"I",NA,0,0,0,0,0,0,1,3.7,27.3
"956640-99999","WHYALLA","AS","AUSTRALIA","AU","AUS","",-33.059,137.514,12.49,19920801,20240909,2024-11-03,2024,11,3,308,17.9,24,10.9,24,1014.8,24,1013.6,24,NA,0,5.8,24,8.2,NA,20.2,"*",16,"*",0,"I",NA,0,0,0,0,0,0,1.3,2,63.6
"956640-99999","WHYALLA","AS","AUSTRALIA","AU","AUS","",-33.059,137.514,12.49,19920801,20240909,2024-11-04,2024,11,4,309,18.7,22,10.4,22,1014.9,22,1013.7,22,NA,0,4.6,22,7.7,NA,23.7,"*",15,"*",0,"I",NA,0,0,0,0,0,0,1.3,2.2,58.5
"956640-99999","WHYALLA","AS","AUSTRALIA","AU","AUS","",-33.059,137.514,12.49,19920801,20240909,2024-11-05,2024,11,5,310,25.2,24,12.6,24,1006.4,24,1005.3,24,NA,0,4.4,24,8.2,NA,32.2,"*",14.6,NA,0,"I",NA,0,0,0,0,0,0,1.5,3.2,45.5
"956640-99999","WHYALLA","AS","AUSTRALIA","AU","AUS","",-33.059,137.514,12.49,19920801,20240909,2024-11-06,2024,11,6,311,18.7,24,12.1,24,1012.6,24,1011.5,24,NA,0,6.1,24,10.8,NA,22.6,"*",12.2,"*",NA,NA,NA,0,1,0,0,0,0,1.4,2.2,65.5
"956640-99999","WHYALLA","AS","AUSTRALIA","AU","AUS","",-33.059,137.514,12.49,19920801,20240909,2024-11-07,2024,11,7,312,16.6,24,9.5,24,1015.1,24,1013.9,24,NA,0,4.6,24,9.3,NA,25.1,"*",8.7,"*",1.52,"G",NA,0,0,0,0,0,0,1.2,1.9,62.9
"956640-99999","WHYALLA","AS","AUSTRALIA","AU","AUS","",-33.059,137.514,12.49,19920801,20240909,2024-11-08,2024,11,8,313,16.9,24,9.3,24,1018.2,24,1017,24,NA,0,5,24,7.7,NA,20.5,"*",8.4,NA,0,"G",NA,0,0,0,0,0,0,1.2,1.9,60.9
"956640-99999","WHYALLA","AS","AUSTRALIA","AU","AUS","",-33.059,137.514,12.49,19920801,20240909,2024-11-09,2024,11,9,314,18.8,24,11.8,24,1019.4,24,1018.2,24,NA,0,4.3,24,6.7,NA,23.2,"*",12.7,NA,0.25,"G",NA,0,1,0,0,0,0,1.4,2.2,63.8
"956640-99999","WHYALLA","AS","AUSTRALIA","AU","AUS","",-33.059,137.514,12.49,19920801,20240909,2024-11-10,2024,11,10,315,20.9,24,12.3,24,1016.7,24,1015.5,24,NA,0,3.4,24,6.7,NA,27.2,"*",14,"*",0,"G",NA,0,0,0,0,0,0,1.4,2.5,57.9
"956640-99999","WHYALLA","AS","AUSTRALIA","AU","AUS","",-33.059,137.514,12.49,19920801,20240909,2024-11-11,2024,11,11,316,19.9,24,15.8,24,1012.8,24,1011.6,24,NA,0,3.3,24,7.7,NA,26.7,"*",13.7,"*",2.29,"G",NA,0,1,0,0,0,0,1.8,2.3,77.3
"956640-99999","WHYALLA","AS","AUSTRALIA","AU","AUS","",-33.059,137.514,12.49,19920801,20240909,2024-11-12,2024,11,12,317,19.1,24,12.4,24,1014.9,24,1013.7,24,NA,0,6.9,24,9.8,NA,23.2,"*",15.2,"*",0,"G",NA,0,0,0,0,0,0,1.4,2.2,65.1
"956640-99999","WHYALLA","AS","AUSTRALIA","AU","AUS","",-33.059,137.514,12.49,19920801,20240909,2024-11-13,2024,11,13,318,18.3,24,10.7,24,1019.5,24,1018.3,24,NA,0,6.6,24,9.8,NA,22.5,"*",15,"*",0,"I",NA,0,0,0,0,0,0,1.3,2.1,61.2
"956640-99999","WHYALLA","AS","AUSTRALIA","AU","AUS","",-33.059,137.514,12.49,19920801,20240909,2024-11-14,2024,11,14,319,17.9,24,9.6,24,1019,24,1017.8,24,NA,0,4.9,24,9.3,NA,22,"*",11,"*",0,"I",NA,0,0,0,0,0,0,1.2,2,58.3
"956640-99999","WHYALLA","AS","AUSTRALIA","AU","AUS","",-33.059,137.514,12.49,19920801,20240909,2024-11-15,2024,11,15,320,25.1,24,5.6,24,1011.1,24,1010,24,NA,0,4.6,24,9.8,NA,32.5,"*",10.8,NA,0,"I",NA,0,0,0,0,0,0,0.9,3.2,28.6
"956640-99999","WHYALLA","AS","AUSTRALIA","AU","AUS","",-33.059,137.514,12.49,19920801,20240909,2024-11-16,2024,11,16,321,24.2,24,7.2,24,1008.4,24,1007.3,24,NA,0,7,24,11.3,NA,37.5,"*",13.5,"*",1.27,"G",NA,0,1,0,0,0,0,1,3,33.7
"956640-99999","WHYALLA","AS","AUSTRALIA","AU","AUS","",-33.059,137.514,12.49,19920801,20240909,2024-11-17,2024,11,17,322,17.3,22,8.5,22,1018.4,22,1017.2,22,NA,0,6.6,22,9.3,NA,22.2,"*",13.4,NA,0,"G",NA,0,0,0,0,0,0,1.1,2,56.2
"956640-99999","WHYALLA","AS","AUSTRALIA","AU","AUS","",-33.059,137.514,12.49,19920801,20240909,2024-11-22,2024,11,22,327,32.3,24,10.2,24,1011.8,24,1010.7,24,NA,0,5.6,24,9.8,NA,37.5,"*",20,NA,0,"I",NA,0,0,0,0,0,0,1.2,4.8,25.7
"956640-99999","WHYALLA","AS","AUSTRALIA","AU","AUS","",-33.059,137.514,12.49,19920801,20240909,2024-11-23,2024,11,23,328,21.9,24,17.4,24,1016,24,1014.8,24,NA,0,6,24,10.8,NA,30.2,"*",18,"*",1.02,"G",NA,0,1,0,0,0,0,2,2.6,75.6
"956640-99999","WHYALLA","AS","AUSTRALIA","AU","AUS","",-33.059,137.514,12.49,19920801,20240909,2024-11-24,2024,11,24,329,20.2,24,16.9,24,1014,24,1012.9,24,NA,0,6.4,24,8.7,NA,22.7,"*",17.8,NA,0.25,"G",NA,0,1,0,0,0,0,1.9,2.4,81.3
"956640-99999","WHYALLA","AS","AUSTRALIA","AU","AUS","",-33.059,137.514,12.49,19920801,20240909,2024-11-25,2024,11,25,330,22.3,24,17.3,24,1007.5,24,1006.4,24,NA,0,3.6,24,7.7,NA,28.6,"*",17.5,"*",0,"G",NA,0,0,0,0,0,0,2,2.7,73.3
"956640-99999","WHYALLA","AS","AUSTRALIA","AU","AUS","",-33.059,137.514,12.49,19920801,20240909,2024-11-26,2024,11,26,331,24,23,12.2,23,1004.1,23,1003,23,NA,0,6.9,23,11.3,NA,32.5,"*",16,"*",0.25,"G",NA,0,1,0,0,0,0,1.4,3,47.6
"956640-99999","WHYALLA","AS","AUSTRALIA","AU","AUS","",-33.059,137.514,12.49,19920801,20240909,2024-11-27,2024,11,27,332,19.6,24,11.3,24,1011.9,24,1010.7,24,NA,0,7.3,24,11.8,NA,25.7,"*",14.2,"*",0,"G",NA,0,0,0,0,0,0,1.3,2.3,58.7
"956640-99999","WHYALLA","AS","AUSTRALIA","AU","AUS","",-33.059,137.514,12.49,19920801,20240909,2024-11-28,2024,11,28,333,19.6,24,13.3,24,1016.1,24,1014.9,24,NA,0,6.9,24,9.8,NA,22.5,"*",14.1,NA,0,"I",NA,0,0,0,0,0,0,1.5,2.3,67
"956640-99999","WHYALLA","AS","AUSTRALIA","AU","AUS","",-33.059,137.514,12.49,19920801,20240909,2024-11-29,2024,11,29,334,20.3,24,13.9,24,1011.7,24,1010.6,24,NA,0,6.9,24,9.8,NA,24.5,"*",17.2,"*",NA,NA,NA,0,1,1,0,0,0,1.6,2.4,66.7
"956640-99999","WHYALLA","AS","AUSTRALIA","AU","AUS","",-33.059,137.514,12.49,19920801,20240909,2024-11-30,2024,11,30,335,18.9,22,12.3,22,1007.6,22,1006.5,22,NA,0,5,22,8.7,NA,24,"*",11.2,"*",0,"I",NA,0,0,0,0,0,0,1.4,2.2,65.5
"956640-99999","WHYALLA","AS","AUSTRALIA","AU","AUS","",-33.059,137.514,12.49,19920801,20240909,2024-12-02,2024,12,2,337,21.8,24,17.7,24,1000.7,24,999.6,24,NA,0,3.9,24,12.9,NA,28.5,"*",14.5,NA,3.81,"G",NA,0,1,1,0,0,0,2,2.6,77.5
"956640-99999","WHYALLA","AS","AUSTRALIA","AU","AUS","",-33.059,137.514,12.49,19920801,20240909,2024-12-03,2024,12,3,338,21.1,19,12.8,19,1010.6,19,1009.5,19,NA,0,6.2,19,8.7,NA,23.2,"*",16.7,"*",0,"G",NA,0,0,0,0,0,0,1.5,2.5,59.1
"956640-99999","WHYALLA","AS","AUSTRALIA","AU","AUS","",-33.059,137.514,12.49,19920801,20240909,2024-12-04,2024,12,4,339,24.8,24,12.9,24,1010.5,24,1009.4,24,NA,0,2.8,24,5.7,NA,32.6,"*",11.9,NA,0,"I",NA,0,0,0,0,0,0,1.5,3.1,47.5
"956640-99999","WHYALLA","AS","AUSTRALIA","AU","AUS","",-33.059,137.514,12.49,19920801,20240909,2024-12-05,2024,12,5,340,28.7,24,15.7,24,1010.7,24,1009.6,24,NA,0,5.8,24,14.9,NA,38,"*",18.2,NA,3.3,"G",NA,0,1,1,0,0,0,1.8,3.9,45.3
"956640-99999","WHYALLA","AS","AUSTRALIA","AU","AUS","",-33.059,137.514,12.49,19920801,20240909,2024-12-06,2024,12,6,341,27.2,24,18.7,24,1009.3,24,1008.2,24,NA,0,4,24,6.7,NA,32.7,"*",20.3,NA,0,"G",NA,0,0,0,0,0,0,2.2,3.6,59.8
"956640-99999","WHYALLA","AS","AUSTRALIA","AU","AUS","",-33.059,137.514,12.49,19920801,20240909,2024-12-07,2024,12,7,342,20.7,24,14.8,24,1014.7,24,1013.6,24,NA,0,8.1,24,12.9,NA,25.5,"*",17.1,"*",0,"I",NA,0,0,0,0,0,0,1.7,2.4,69
"956640-99999","WHYALLA","AS","AUSTRALIA","AU","AUS","",-33.059,137.514,12.49,19920801,20240909,2024-12-08,2024,12,8,343,20.8,24,13.6,24,1015.2,24,1014.1,24,NA,0,6.1,24,9.8,NA,23.6,"*",16.9,NA,0,"I",NA,0,0,0,0,0,0,1.6,2.5,63.4
"956640-99999","WHYALLA","AS","AUSTRALIA","AU","AUS","",-33.059,137.514,12.49,19920801,20240909,2024-12-09,2024,12,9,344,21.9,24,14.1,24,1014.1,24,1013,24,NA,0,5.5,24,9.8,NA,26.7,"*",17.1,"*",0,"I",NA,0,0,0,0,0,0,1.6,2.6,61.2
"956640-99999","WHYALLA","AS","AUSTRALIA","AU","AUS","",-33.059,137.514,12.49,19920801,20240909,2024-12-10,2024,12,10,345,20.9,24,12.2,24,1015.3,24,1014.2,24,NA,0,7.1,24,9.8,NA,27.3,NA,17,NA,0,"G",NA,0,0,0,0,0,0,1.4,2.5,57.5
"956640-99999","WHYALLA","AS","AUSTRALIA","AU","AUS","",-33.059,137.514,12.49,19920801,20240909,2024-12-11,2024,12,11,346,20.4,24,13.3,24,1013,24,1011.9,24,NA,0,5.8,24,9.8,NA,24.2,"*",17,NA,0,"I",NA,0,0,0,0,0,0,1.5,2.4,63.7
"956640-99999","WHYALLA","AS","AUSTRALIA","AU","AUS","",-33.059,137.514,12.49,19920801,20240909,2024-12-12,2024,12,12,347,22,24,13.8,24,1009.7,24,1008.6,24,NA,0,6.2,24,9.3,NA,26.2,"*",17.1,NA,0,"I",NA,0,0,0,0,0,0,1.6,2.6,59.7
"956640-99999","WHYALLA","AS","AUSTRALIA","AU","AUS","",-33.059,137.514,12.49,19920801,20240909,2024-12-13,2024,12,13,348,22.4,24,16,24,1008.5,24,1007.3,24,NA,0,5.7,24,9.8,NA,27,"*",17.4,NA,0,"I",NA,0,0,0,0,0,0,1.8,2.7,67.1
"956640-99999","WHYALLA","AS","AUSTRALIA","AU","AUS","",-33.059,137.514,12.49,19920801,20240909,2024-12-14,2024,12,14,349,25.3,24,14.8,24,1006.9,24,1005.8,24,NA,0,4.4,24,8.2,NA,29.5,"*",17.7,NA,0,"I",NA,0,0,0,0,0,0,1.7,3.2,52.2
"956640-99999","WHYALLA","AS","AUSTRALIA","AU","AUS","",-33.059,137.514,12.49,19920801,20240909,2024-12-15,2024,12,15,350,34.3,24,9.6,24,1003.1,24,1002,24,NA,0,4.9,24,9.3,NA,38.7,"*",22,NA,0,"I",NA,0,0,0,0,0,0,1.2,5.4,22.1
"956640-99999","WHYALLA","AS","AUSTRALIA","AU","AUS","",-33.059,137.514,12.49,19920801,20240909,2024-12-16,2024,12,16,351,25.2,24,14.6,24,1008.9,24,1007.8,24,NA,0,8.4,24,11.8,NA,41.7,NA,17.8,"*",10.41,"G",NA,0,1,0,1,0,0,1.7,3.2,51.8
"956640-99999","WHYALLA","AS","AUSTRALIA","AU","AUS","",-33.059,137.514,12.49,19920801,20240909,2024-12-17,2024,12,17,352,20.1,24,11.1,24,1017.1,24,1016,24,NA,0,9.5,24,13.4,NA,24.8,NA,16.6,"*",0,"G",NA,0,0,0,0,0,0,1.3,2.3,56.2
"956640-99999","WHYALLA","AS","AUSTRALIA","AU","AUS","",-33.059,137.514,12.49,19920801,20240909,2024-12-18,2024,12,18,353,21.8,19,11.4,19,1014.4,19,1013.3,19,NA,0,5.1,19,9.8,NA,27.9,"*",15.5,"*",0,"G",NA,0,0,0,0,0,0,1.3,2.6,51.6
"956640-99999","WHYALLA","AS","AUSTRALIA","AU","AUS","",-33.059,137.514,12.49,19920801,20240909,2024-12-19,2024,12,19,354,25.2,24,9.8,24,1010.2,24,1009.1,24,NA,0,4.6,24,7.7,NA,33.8,NA,15.2,NA,0,"G",NA,0,0,0,0,0,0,1.2,3.2,37.8
"956640-99999","WHYALLA","AS","AUSTRALIA","AU","AUS","",-33.059,137.514,12.49,19920801,20240909,2024-12-20,2024,12,20,355,22.5,24,13.9,24,1013.1,24,1012,24,NA,0,9.5,24,13.4,NA,29.4,NA,15.8,NA,0,"G",NA,0,0,0,0,0,0,1.6,2.7,58.3
"956640-99999","WHYALLA","AS","AUSTRALIA","AU","AUS","",-33.059,137.514,12.49,19920801,20240909,2024-12-21,2024,12,21,356,20.4,24,12,24,1013,24,1011.9,24,NA,0,8.7,24,12.9,NA,25.4,NA,17.4,"*",0,"G",NA,0,0,0,0,0,0,1.4,2.4,58.5
"956640-99999","WHYALLA","AS","AUSTRALIA","AU","AUS","",-33.059,137.514,12.49,19920801,20240909,2024-12-22,2024,12,22,357,19.4,24,9.4,24,1013.8,24,1012.7,24,NA,0,9,24,12.4,NA,24.6,NA,16.5,"*",0,"G",NA,0,0,0,0,0,0,1.2,2.2,52.4
"956640-99999","WHYALLA","AS","AUSTRALIA","AU","AUS","",-33.059,137.514,12.49,19920801,20240909,2024-12-23,2024,12,23,358,19.2,24,9.1,24,1016.4,24,1015.3,24,NA,0,6.9,24,11.8,NA,23.3,NA,16,"*",0,"G",NA,0,0,0,0,0,0,1.2,2.2,52
"956640-99999","WHYALLA","AS","AUSTRALIA","AU","AUS","",-33.059,137.514,12.49,19920801,20240909,2024-12-24,2024,12,24,359,23.3,24,9.6,24,1012.5,24,1011.4,24,NA,0,3.6,24,6.7,NA,30.8,"*",14.2,"*",0,"G",NA,0,0,0,0,0,0,1.2,2.9,41.8
"956640-99999","WHYALLA","AS","AUSTRALIA","AU","AUS","",-33.059,137.514,12.49,19920801,20240909,2024-12-25,2024,12,25,360,33.1,24,0.1,24,1004.8,24,1003.7,24,NA,0,6.4,24,9.8,NA,39.3,NA,27.6,"*",0,"G",NA,0,0,0,0,0,0,0.6,5.1,12.2
"956640-99999","WHYALLA","AS","AUSTRALIA","AU","AUS","",-33.059,137.514,12.49,19920801,20240909,2024-12-26,2024,12,26,361,20.8,24,9.8,24,1008.9,24,1007.8,24,NA,0,6.3,24,11.8,NA,32.7,NA,13,"*",0,"G",NA,0,0,0,0,0,0,1.2,2.5,49.3
"956640-99999","WHYALLA","AS","AUSTRALIA","AU","AUS","",-33.059,137.514,12.49,19920801,20240909,2024-12-27,2024,12,27,362,18.7,24,7.9,24,1013.6,24,1012.5,24,NA,0,5.4,24,8.2,NA,23.5,NA,12.7,NA,0,"G",NA,0,0,0,0,0,0,1.1,2.2,49.4
"956640-99999","WHYALLA","AS","AUSTRALIA","AU","AUS","",-33.059,137.514,12.49,19920801,20240909,2024-12-28,2024,12,28,363,19.6,24,12,24,1016.1,24,1015,24,NA,0,5,24,8.8,NA,24.6,NA,12.3,NA,0,"G",NA,0,1,0,0,0,0,1.4,2.3,61.5
"956640-99999","WHYALLA","AS","AUSTRALIA","AU","AUS","",-33.059,137.514,12.49,19920801,20240909,2024-12-29,2024,12,29,364,21.5,24,13.1,24,1016.7,24,1015.6,24,NA,0,4.8,24,7.2,NA,26,NA,14.8,NA,0,"G",NA,0,0,0,0,0,0,1.5,2.6,58.8
"956640-99999","WHYALLA","AS","AUSTRALIA","AU","AUS","",-33.059,137.514,12.49,19920801,20240909,2024-12-30,2024,12,30,365,23.6,24,14.9,24,1016.4,24,1015.3,24,NA,0,4.9,24,8.2,NA,30.6,NA,15.1,NA,0,"G",NA,0,0,0,0,0,0,1.7,2.9,58.2
"956640-99999","WHYALLA","AS","AUSTRALIA","AU","AUS","",-33.059,137.514,12.49,19920801,20240909,2024-12-31,2024,12,31,366,23.4,24,14.9,24,1015.8,24,1014.7,24,NA,0,6.8,24,9.8,NA,30.9,NA,16.6,NA,0,"G",NA,0,0,0,0,0,0,1.7,2.9,58.9
