"0","organism_ws <- myload_ws(organism_name)"
"0",""
"0","head(organism_ws, n = 2) |> as_tibble() |> glimpse()"
"1","Rows: 2
Columns: 17
$ obs_lat            [3m[38;5;246m<dbl>[39m[23m -43.46398[38;5;246m, [39m-43.46257
$ obs_lon            [3m[38;5;246m<dbl>[39m[23m 146.8676[38;5;246m, [39m146.8485
$ year               [3m[38;5;246m<dbl>[39m[23m 2021[38;5;246m, [39m2015
$ month              [3m[38;5;246m<dbl>[39m[23m 12[38;5;246m, [39m12
$ day                [3m[38;5;246m<dbl>[39m[23m 14[38;5;246m, [39m9
$ weekday            [3m[38;5;246m<ord>[39m[23m Tuesday[38;5;246m, [39mWednesday
$ dayofyear          [3m[38;5;246m<dbl>[39m[23m 348[38;5;246m, [39m343
$ datetime           [3m[38;5;246m<dttm>[39m[23m 2021-12-14 22:14:23[38;5;246m, [39m2015-12-09 15:00:24
$ scientificName     [3m[38;5;246m<chr>[39m[23m ""Arachnocampa tasmaniensis""[38;5;246m, [39m""Arachnocampa…
$ obs_state          [3m[38;5;246m<chr>[39m[23m ""Tasmania""[38;5;246m, [39m""Tasmania""
$ weather_station_id [3m[38;5;246m<chr>[39m[23m ""949610-99999""[38;5;246m, [39m""949610-99999""
$ stname             [3m[38;5;246m<chr>[39m[23m ""DOVER""[38;5;246m, [39m""DOVER""
$ stn_lat            [3m[38;5;246m<dbl>[39m[23m -43.317[38;5;246m, [39m-43.317
$ stn_lon            [3m[38;5;246m<dbl>[39m[23m 147.017[38;5;246m, [39m147.017
$ address            [3m[38;5;246m<chr>[39m[23m ""Bay View Road, Dover, Huon Valley, Tasman…
$ stn_city           [3m[38;5;246m<chr>[39m[23m ""Bay View Road""[38;5;246m, [39m""Bay View Road""
$ stn_state          [3m[38;5;246m<chr>[39m[23m ""Tasmania""[38;5;246m, [39m""Tasmania""
"
