"0","organism_raw <- myload_raw(organism_name)"
"0","organism_raw |> slice_head(n = 3) |> as_tibble() |> glimpse()"
"1","Rows: 3
Columns: 10
$ obs_lat        [3m[38;5;246m<dbl>[39m[23m -43.46804[38;5;246m, [39m-43.46398[38;5;246m, [39m-43.46257
$ obs_lon        [3m[38;5;246m<dbl>[39m[23m 146.9139[38;5;246m, [39m146.8676[38;5;246m, [39m146.8485
$ year           [3m[38;5;246m<dbl>[39m[23m 2016[38;5;246m, [39m2021[38;5;246m, [39m2015
$ month          [3m[38;5;246m<dbl>[39m[23m 11[38;5;246m, [39m12[38;5;246m, [39m12
$ day            [3m[38;5;246m<dbl>[39m[23m 29[38;5;246m, [39m14[38;5;246m, [39m9
$ weekday        [3m[38;5;246m<ord>[39m[23m Tuesday[38;5;246m, [39mTuesday[38;5;246m, [39mWednesday
$ dayofyear      [3m[38;5;246m<dbl>[39m[23m 334[38;5;246m, [39m348[38;5;246m, [39m343
$ datetime       [3m[38;5;246m<dttm>[39m[23m 2016-11-29 15:58:25[38;5;246m, [39m2021-12-14 22:14:23[38;5;246m, [39m2015…
$ scientificName [3m[38;5;246m<chr>[39m[23m ""Arachnocampa""[38;5;246m, [39m""Arachnocampa tasmaniensis""[38;5;246m, [39m""…
$ obs_state      [3m[38;5;246m<chr>[39m[23m ""Tasmania""[38;5;246m, [39m""Tasmania""[38;5;246m, [39m""Tasmania""
"
